algorithm;field_size;file_name;number_of_fields;number_of_observations;number_of_observations_smote;tuple_size;number_of_folds;avg_accuracy;list_accuracies
wisard;50;compact_Applied_Learning_50.pickle;1.14;16811;27654;2;10;0.8253526220614829;[0.8148282097649187, 0.8148282097649187, 0.8057866184448463, 0.8195298372513562, 0.7992766726943942, 0.8061482820976492, 0.8650994575045208, 0.8260397830018084, 0.8911392405063291, 0.8108499095840868];
wisard;50;compact_Applied_Learning_50.pickle;1.14;16811;27654;3;10;0.8338517179023508;[0.8144665461121158, 0.8010849909584087, 0.803616636528029, 0.806871609403255, 0.793128390596745, 0.7826401446654612, 0.932007233273056, 0.9377938517179023, 0.8535262206148282, 0.813381555153707];
wisard;50;compact_Applied_Learning_50.pickle;1.14;16811;27654;4;10;0.8490054249547919;[0.8050632911392405, 0.8198915009041592, 0.7934900542495479, 0.8050632911392405, 0.7895117540687161, 0.779385171790235, 0.935623869801085, 0.9088607594936708, 0.9309222423146474, 0.9222423146473779];
wisard;50;compact_Applied_Learning_50.pickle;1.14;16811;27654;5;10;0.8689330922242314;[0.8245931283905967, 0.8079566003616636, 0.8032549728752261, 0.8191681735985533, 0.7945750452079566, 0.7952983725135624, 0.9497287522603979, 0.9804701627486437, 0.9508137432188065, 0.9634719710669077];
wisard;50;compact_Applied_Learning_50.pickle;1.14;16811;27654;6;10;0.8722603978300182;[0.8227848101265823, 0.813381555153707, 0.8025316455696202, 0.8079566003616636, 0.7989150090415913, 0.7981916817359855, 0.9406871609403255, 0.9790235081374322, 0.9779385171790235, 0.9811934900542495];
wisard;50;compact_Applied_Learning_50.pickle;1.14;16811;27654;7;10;0.8739240506329115;[0.8321880650994575, 0.8014466546112116, 0.7985533453887884, 0.8169981916817359, 0.8032549728752261, 0.7985533453887884, 0.9674502712477396, 0.9714285714285714, 0.976491862567812, 0.972875226039783];
wisard;50;compact_Applied_Learning_50.pickle;1.14;16811;27654;8;10;0.8809403254972874;[0.8300180831826401, 0.8282097649186256, 0.8155515370705244, 0.8195298372513562, 0.8083182640144665, 0.8144665461121158, 0.9555153707052442, 0.98625678119349, 0.9725135623869801, 0.9790235081374322];
wisard;50;compact_Applied_Learning_50.pickle;1.14;16811;27654;9;10;0.8840506329113923;[0.8318264014466547, 0.8083182640144665, 0.8151898734177215, 0.8209764918625678, 0.8227848101265823, 0.8079566003616636, 0.9746835443037974, 0.983001808318264, 0.9844484629294756, 0.9913200723327306];
wisard;50;compact_Applied_Learning_50.pickle;1.14;16811;27654;10;10;0.890741410488246;[0.8520795660036167, 0.8329113924050633, 0.8224231464737793, 0.8267631103074141, 0.8202531645569621, 0.8285714285714286, 0.9699819168173599, 0.9804701627486437, 0.98625678119349, 0.9877034358047017];
wisard;50;compact_Applied_Learning_50.pickle;1.14;16811;27654;11;10;0.894249547920434;[0.8350813743218807, 0.8329113924050633, 0.8332730560578662, 0.8282097649186256, 0.8311030741410488, 0.8296564195298373, 0.9826401446654611, 0.9902350813743219, 0.9909584086799277, 0.9884267631103074];
wisard;50;compact_Applied_Learning_50.pickle;1.14;16811;27654;12;10;0.9032911392405062;[0.8553345388788427, 0.8575045207956601, 0.840867992766727, 0.8524412296564196, 0.8242314647377939, 0.8412296564195298, 0.9768535262206148, 0.9960216998191682, 0.9938517179023508, 0.9945750452079566];
wisard;50;compact_Applied_Learning_50.pickle;1.14;16811;27654;13;10;0.9064737793851718;[0.8632911392405064, 0.8520795660036167, 0.8405063291139241, 0.8585895117540687, 0.8426763110307414, 0.8564195298372513, 0.9790235081374322, 0.9938517179023508, 0.9877034358047017, 0.9905967450271248];
wisard;50;compact_Applied_Learning_50.pickle;1.14;16811;27654;14;10;0.9134538878842676;[0.8770343580470162, 0.8632911392405064, 0.8553345388788427, 0.8640144665461121, 0.857866184448463, 0.8499095840867993, 0.9880650994575045, 0.9942133815551537, 0.9952983725135623, 0.989511754068716];
wisard;50;compact_Applied_Learning_50.pickle;1.14;16811;27654;15;10;0.9146473779385171;[0.8741410488245931, 0.8665461121157324, 0.8470162748643761, 0.8687160940325497, 0.8596745027124774, 0.8556962025316456, 0.9848101265822785, 0.993490054249548, 0.9981916817359855, 0.9981916817359855];
wisard;50;compact_Applied_Learning_50.pickle;1.14;16811;27654;16;10;0.9211934900542497;[0.884629294755877, 0.8741410488245931, 0.8737793851717902, 0.8777576853526221, 0.8600361663652802, 0.8654611211573237, 0.9858951175406871, 0.9938517179023508, 0.9985533453887884, 0.9978300180831826];
wisard;50;compact_Applied_Learning_50.pickle;1.14;16811;27654;17;10;0.9238698010849908;[0.8886075949367088, 0.8784810126582279, 0.874502712477396, 0.8777576853526221, 0.8759493670886076, 0.8669077757685353, 0.9869801084990958, 0.9981916817359855, 0.9945750452079566, 0.996745027124774];
wisard;50;compact_Applied_Learning_50.pickle;1.14;16811;27654;18;10;0.9253887884267632;[0.8842676311030742, 0.8777576853526221, 0.8835443037974684, 0.8849909584086799, 0.8759493670886076, 0.87124773960217, 0.98625678119349, 0.996745027124774, 0.9963833634719711, 0.996745027124774];
wisard;50;compact_Applied_Learning_50.pickle;1.14;16811;27654;19;10;0.9300180831826401;[0.8980108499095841, 0.8824593128390597, 0.8849909584086799, 0.8886075949367088, 0.8788426763110307, 0.8857142857142857, 0.9887884267631103, 0.9981916817359855, 0.9960216998191682, 0.9985533453887884];
wisard;50;compact_Applied_Learning_50.pickle;1.14;16811;27654;20;10;0.9318625678119348;[0.895117540687161, 0.895117540687161, 0.8893309222423147, 0.8925858951175407, 0.8839059674502713, 0.8842676311030742, 0.9858951175406871, 0.9985533453887884, 0.9949367088607595, 0.9989150090415914];
wisard;50;compact_Health_Sports_50.pickle;1.14;21754;36884;2;10;0.7924620390455531;[0.8318872017353579, 0.84029284164859, 0.8229392624728851, 0.8283622559652929, 0.8142624728850325, 0.8270065075921909, 0.5897505422993492, 0.7947396963123644, 0.8394793926247288, 0.7359002169197397];
wisard;50;compact_Health_Sports_50.pickle;1.14;21754;36884;3;10;0.8628524945770065;[0.8348698481561823, 0.8253796095444685, 0.8237527114967462, 0.8240238611713666, 0.81941431670282, 0.829175704989154, 0.9311279826464208, 0.9240780911062907, 0.9116052060737527, 0.9050976138828634];
wisard;50;compact_Health_Sports_50.pickle;1.14;21754;36884;4;10;0.8771420824295012;[0.838937093275488, 0.834056399132321, 0.8177874186550976, 0.8251084598698482, 0.8213123644251626, 0.8364967462039046, 0.9655639913232104, 0.9544468546637744, 0.9436008676789588, 0.9341106290672451];
wisard;50;compact_Health_Sports_50.pickle;1.14;21754;36884;5;10;0.8721258134490238;[0.8335140997830802, 0.8223969631236443, 0.8101952277657267, 0.8335140997830802, 0.8082971800433839, 0.8378524945770065, 0.9129609544468547, 0.9476681127982647, 0.9685466377440347, 0.9463123644251626];
wisard;50;compact_Health_Sports_50.pickle;1.14;21754;36884;6;10;0.8828091106290671;[0.836767895878525, 0.838937093275488, 0.8251084598698482, 0.8302603036876356, 0.8210412147505423, 0.8392082429501084, 0.9633947939262473, 0.9598698481561823, 0.9628524945770065, 0.9506507592190889];
wisard;50;compact_Health_Sports_50.pickle;1.14;21754;36884;7;10;0.8880965292841647;[0.8299891540130152, 0.8256507592190889, 0.8248373101952278, 0.8267353579175705, 0.8289045553145337, 0.8449023861171366, 0.9772234273318872, 0.9674620390455532, 0.9750542299349241, 0.9802060737527115];
wisard;50;compact_Health_Sports_50.pickle;1.14;21754;36884;8;10;0.8927060737527116;[0.8495119305856833, 0.8419197396963124, 0.8256507592190889, 0.8362255965292842, 0.8259219088937093, 0.8508676789587852, 0.9745119305856833, 0.9709869848156182, 0.9753253796095445, 0.9761388286334056];
wisard;50;compact_Health_Sports_50.pickle;1.14;21754;36884;9;10;0.897180043383948;[0.8375813449023861, 0.8497830802603037, 0.8343275488069414, 0.8313449023861171, 0.8348698481561823, 0.851409978308026, 0.9821041214750542, 0.988882863340564, 0.982646420824295, 0.9788503253796096];
wisard;50;compact_Health_Sports_50.pickle;1.14;21754;36884;10;10;0.9013015184381779;[0.8535791757049892, 0.8438177874186551, 0.8468004338394793, 0.8381236442516269, 0.835412147505423, 0.8568329718004338, 0.9823752711496746, 0.9872559652928417, 0.9872559652928417, 0.9815618221258134];
wisard;50;compact_Health_Sports_50.pickle;1.14;21754;36884;11;10;0.9030911062906725;[0.8497830802603037, 0.8543926247288504, 0.8329718004338394, 0.8595444685466378, 0.8522234273318872, 0.8609002169197397, 0.9872559652928417, 0.9793926247288504, 0.9736984815618221, 0.9807483731019523];
wisard;50;compact_Health_Sports_50.pickle;1.14;21754;36884;12;10;0.9097342733188721;[0.8619848156182213, 0.8492407809110629, 0.8617136659436009, 0.8619848156182213, 0.8430043383947939, 0.8671366594360087, 0.9902386117136659, 0.9864425162689805, 0.9926789587852495, 0.9829175704989154];
wisard;50;compact_Health_Sports_50.pickle;1.14;21754;36884;13;10;0.9131236442516268;[0.8731019522776573, 0.8649674620390455, 0.8573752711496746, 0.8617136659436009, 0.8497830802603037, 0.8665943600867679, 0.9943058568329718, 0.987527114967462, 0.9902386117136659, 0.9856290672451193];
wisard;50;compact_Health_Sports_50.pickle;1.14;21754;36884;14;10;0.9174620390455532;[0.8752711496746204, 0.8736442516268981, 0.8703904555314533, 0.862527114967462, 0.8584598698481561, 0.8766268980477223, 0.9896963123644251, 0.9910520607375272, 0.9921366594360087, 0.9848156182212582];
wisard;50;compact_Health_Sports_50.pickle;1.14;21754;36884;15;10;0.9218546637744034;[0.8847613882863341, 0.8741865509761388, 0.8609002169197397, 0.8752711496746204, 0.8768980477223427, 0.8768980477223427, 0.9918655097613883, 0.9926789587852495, 0.9986442516268981, 0.9864425162689805];
wisard;50;compact_Health_Sports_50.pickle;1.14;21754;36884;16;10;0.9269251626898047;[0.8915401301518439, 0.8752711496746204, 0.8901843817787418, 0.875, 0.8725596529284165, 0.8858459869848156, 0.9929501084598699, 0.993763557483731, 0.9970173535791758, 0.995119305856833];
wisard;50;compact_Health_Sports_50.pickle;1.14;21754;36884;17;10;0.9308568329718001;[0.9010303687635575, 0.8956073752711496, 0.8815075921908894, 0.8869305856832972, 0.8728308026030369, 0.8869305856832972, 0.9970173535791758, 0.9975596529284165, 0.9972885032537961, 0.9918655097613883];
wisard;50;compact_Health_Sports_50.pickle;1.14;21754;36884;18;10;0.9343004338394791;[0.8996746203904555, 0.898590021691974, 0.889642082429501, 0.8918112798264642, 0.8890997830802603, 0.8890997830802603, 0.9981019522776573, 0.9940347071583514, 0.9967462039045553, 0.9962039045553145];
wisard;50;compact_Health_Sports_50.pickle;1.14;21754;36884;19;10;0.9344631236442517;[0.8991323210412148, 0.8953362255965293, 0.8888286334056399, 0.8928958785249458, 0.8931670281995662, 0.8931670281995662, 0.9962039045553145, 0.9932212581344902, 0.9953904555314533, 0.9972885032537961];
wisard;50;compact_Health_Sports_50.pickle;1.14;21754;36884;20;10;0.9374728850325379;[0.8947939262472885, 0.9029284164859002, 0.8964208242950108, 0.8983188720173536, 0.8950650759219089, 0.9029284164859002, 0.9953904555314533, 0.9964750542299349, 0.9970173535791758, 0.9953904555314533];
wisard;50;compact_History_Civics_50.pickle;1.14;6925;11756;2;10;0.8133617021276596;[0.8553191489361702, 0.8238297872340425, 0.8459574468085106, 0.8476595744680852, 0.8485106382978723, 0.8459574468085106, 0.8451063829787234, 0.6714893617021277, 0.7753191489361703, 0.774468085106383];
wisard;50;compact_History_Civics_50.pickle;1.14;6925;11756;3;10;0.8739574468085106;[0.8638297872340426, 0.8374468085106384, 0.8323404255319149, 0.8612765957446809, 0.8451063829787234, 0.8493617021276596, 0.9268085106382978, 0.8595744680851064, 0.9404255319148936, 0.9234042553191489];
wisard;50;compact_History_Civics_50.pickle;1.14;6925;11756;4;10;0.8856170212765957;[0.8485106382978723, 0.8280851063829787, 0.8442553191489361, 0.8587234042553191, 0.84, 0.8374468085106384, 0.9336170212765957, 0.9463829787234043, 0.9591489361702128, 0.96];
wisard;50;compact_History_Civics_50.pickle;1.14;6925;11756;5;10;0.8951489361702128;[0.8689361702127659, 0.8306382978723404, 0.8476595744680852, 0.865531914893617, 0.8365957446808511, 0.8689361702127659, 0.9548936170212766, 0.9676595744680851, 0.9404255319148936, 0.9702127659574468];
wisard;50;compact_History_Civics_50.pickle;1.14;6925;11756;6;10;0.8940425531914894;[0.857872340425532, 0.8314893617021276, 0.8493617021276596, 0.8638297872340426, 0.8587234042553191, 0.8621276595744681, 0.9668085106382979, 0.9531914893617022, 0.9523404255319149, 0.9446808510638298];
wisard;50;compact_History_Civics_50.pickle;1.14;6925;11756;7;10;0.9100425531914894;[0.8672340425531915, 0.8374468085106384, 0.843404255319149, 0.8817021276595745, 0.8723404255319149, 0.8825531914893617, 0.9863829787234043, 0.9659574468085106, 0.9744680851063829, 0.9889361702127659];
wisard;50;compact_History_Civics_50.pickle;1.14;6925;11756;8;10;0.9158297872340426;[0.8825531914893617, 0.8595744680851064, 0.8706382978723404, 0.8834042553191489, 0.8629787234042553, 0.8663829787234043, 0.9761702127659575, 0.9863829787234043, 0.985531914893617, 0.9846808510638297];
wisard;50;compact_History_Civics_50.pickle;1.14;6925;11756;9;10;0.9217872340425531;[0.8876595744680851, 0.8689361702127659, 0.8723404255319149, 0.8919148936170213, 0.8748936170212765, 0.8868085106382979, 0.9897872340425532, 0.9761702127659575, 0.9829787234042553, 0.9863829787234043];
wisard;50;compact_History_Civics_50.pickle;1.14;6925;11756;10;10;0.9262978723404256;[0.8902127659574468, 0.8680851063829788, 0.8706382978723404, 0.8936170212765957, 0.8910638297872341, 0.8885106382978724, 0.9906382978723405, 0.9923404255319149, 0.9897872340425532, 0.9880851063829788];
wisard;50;compact_History_Civics_50.pickle;1.14;6925;11756;11;10;0.9339574468085108;[0.9012765957446809, 0.8680851063829788, 0.8970212765957447, 0.9046808510638298, 0.8910638297872341, 0.9046808510638298, 0.9965957446808511, 0.9897872340425532, 0.9940425531914894, 0.9923404255319149];
wisard;50;compact_History_Civics_50.pickle;1.14;6925;11756;12;10;0.9411063829787233;[0.9080851063829787, 0.8757446808510638, 0.8953191489361703, 0.9276595744680851, 0.908936170212766, 0.9106382978723404, 0.9974468085106383, 0.9940425531914894, 0.9948936170212765, 0.9982978723404256];
wisard;50;compact_History_Civics_50.pickle;1.14;6925;11756;13;10;0.9429787234042554;[0.9046808510638298, 0.8987234042553192, 0.9029787234042553, 0.9225531914893617, 0.9080851063829787, 0.9123404255319149, 0.9923404255319149, 0.9965957446808511, 0.9965957446808511, 0.9948936170212765];
wisard;50;compact_History_Civics_50.pickle;1.14;6925;11756;14;10;0.9466382978723406;[0.9259574468085107, 0.8995744680851064, 0.8893617021276595, 0.9191489361702128, 0.9319148936170213, 0.9251063829787234, 0.9931914893617021, 0.9965957446808511, 0.9897872340425532, 0.9957446808510638];
wisard;50;compact_History_Civics_50.pickle;1.14;6925;11756;15;10;0.9501276595744683;[0.9268085106382978, 0.8987234042553192, 0.9072340425531915, 0.9387234042553192, 0.9242553191489362, 0.9191489361702128, 0.9982978723404256, 0.9957446808510638, 0.9957446808510638, 0.9965957446808511];
wisard;50;compact_History_Civics_50.pickle;1.14;6925;11756;16;10;0.9553191489361701;[0.9276595744680851, 0.9208510638297872, 0.9097872340425532, 0.9421276595744681, 0.9319148936170213, 0.9259574468085107, 0.9991489361702127, 0.9974468085106383, 0.9991489361702127, 0.9991489361702127];
wisard;50;compact_History_Civics_50.pickle;1.14;6925;11756;17;10;0.9587234042553192;[0.9378723404255319, 0.9208510638297872, 0.9208510638297872, 0.9497872340425532, 0.9242553191489362, 0.9421276595744681, 0.9991489361702127, 1.0, 0.9965957446808511, 0.9957446808510638];
wisard;50;compact_History_Civics_50.pickle;1.14;6925;11756;18;10;0.9590638297872338;[0.9336170212765957, 0.9182978723404255, 0.9259574468085107, 0.9497872340425532, 0.9353191489361702, 0.9302127659574468, 0.9991489361702127, 1.0, 1.0, 0.9982978723404256];
wisard;50;compact_History_Civics_50.pickle;1.14;6925;11756;19;10;0.9616170212765958;[0.9361702127659575, 0.9302127659574468, 0.9319148936170213, 0.9446808510638298, 0.9438297872340425, 0.934468085106383, 0.9982978723404256, 1.0, 0.9991489361702127, 0.9974468085106383];
wisard;50;compact_History_Civics_50.pickle;1.14;6925;11756;20;10;0.9646808510638296;[0.9421276595744681, 0.9327659574468085, 0.931063829787234, 0.9668085106382979, 0.9370212765957446, 0.9412765957446808, 0.9982978723404256, 1.0, 0.9991489361702127, 0.9982978723404256];
wisard;50;compact_Literacy_Language_50.pickle;1.14;75824;131404;2;10;0.8252815829528158;[0.8524353120243531, 0.8535007610350076, 0.8504566210045662, 0.8426179604261796, 0.8489345509893456, 0.832496194824962, 0.8471080669710807, 0.8735159817351598, 0.6821917808219178, 0.769558599695586];
wisard;50;compact_Literacy_Language_50.pickle;1.14;75824;131404;3;10;0.8484931506849314;[0.8406392694063927, 0.839117199391172, 0.8409436834094368, 0.8360730593607306, 0.8404870624048706, 0.8540334855403349, 0.7780821917808219, 0.9108066971080669, 0.8992389649923896, 0.845509893455099];
wisard;50;compact_Literacy_Language_50.pickle;1.14;75824;131404;4;10;0.8668188736681885;[0.8278538812785388, 0.8438356164383561, 0.8343226788432268, 0.836834094368341, 0.8381278538812785, 0.8601978691019787, 0.9005327245053273, 0.8861491628614916, 0.8974124809741248, 0.9429223744292238];
wisard;50;compact_Literacy_Language_50.pickle;1.14;75824;131404;5;10;0.8777168949771689;[0.8291476407914764, 0.8328767123287671, 0.8320395738203957, 0.8323439878234399, 0.8285388127853881, 0.8620243531202435, 0.9098934550989346, 0.9249619482496195, 0.9612633181126332, 0.9640791476407915];
wisard;50;compact_Literacy_Language_50.pickle;1.14;75824;131404;6;10;0.8805327245053274;[0.8187975646879756, 0.8299086757990868, 0.8301369863013699, 0.8225266362252663, 0.8332572298325723, 0.8642313546423136, 0.9617960426179605, 0.9469558599695586, 0.9420091324200913, 0.9557077625570777];
wisard;50;compact_Literacy_Language_50.pickle;1.14;75824;131404;7;10;0.8846803652968036;[0.8186453576864535, 0.8239726027397261, 0.8235159817351598, 0.8285388127853881, 0.815144596651446, 0.865296803652968, 0.9563165905631659, 0.9682648401826484, 0.9749619482496195, 0.9721461187214612];
wisard;50;compact_Literacy_Language_50.pickle;1.14;75824;131404;8;10;0.886613394216134;[0.8234398782343988, 0.8292998477929985, 0.8206240487062405, 0.8247336377473363, 0.8221461187214611, 0.8573820395738204, 0.9802891933028919, 0.9730593607305936, 0.969634703196347, 0.9655251141552511];
wisard;50;compact_Literacy_Language_50.pickle;1.14;75824;131404;9;10;0.8881887366818872;[0.8182648401826484, 0.830365296803653, 0.8222222222222222, 0.8363013698630137, 0.826103500761035, 0.8614155251141552, 0.9482496194824962, 0.9856925418569255, 0.9806697108066971, 0.9726027397260274];
wisard;50;compact_Literacy_Language_50.pickle;1.14;75824;131404;10;10;0.8937975646879757;[0.8192541856925418, 0.8361491628614917, 0.8289193302891933, 0.8291476407914764, 0.8239726027397261, 0.8683409436834094, 0.9864535768645357, 0.9711567732115677, 0.9863013698630136, 0.9882800608828006];
wisard;50;compact_Literacy_Language_50.pickle;1.14;75824;131404;11;10;0.8948249619482495;[0.8247336377473363, 0.8191780821917808, 0.8469558599695586, 0.8333333333333334, 0.8208523592085236, 0.880441400304414, 0.9844748858447488, 0.9810502283105023, 0.9773211567732115, 0.9799086757990868];
wisard;50;compact_Literacy_Language_50.pickle;1.14;75824;131404;12;10;0.8996575342465751;[0.8337138508371386, 0.8420091324200913, 0.8355403348554034, 0.8429984779299847, 0.8262557077625571, 0.880517503805175, 0.9843987823439878, 0.9876712328767123, 0.9824200913242009, 0.9810502283105023];
wisard;50;compact_Literacy_Language_50.pickle;1.14;75824;131404;13;10;0.900213089802131;[0.8359208523592085, 0.8483257229832573, 0.8302130898021309, 0.8415525114155251, 0.8331811263318113, 0.8687975646879756, 0.9817351598173516, 0.989345509893455, 0.9853120243531203, 0.9877473363774734];
wisard;50;compact_Literacy_Language_50.pickle;1.14;75824;131404;14;10;0.9069254185692543;[0.8418569254185693, 0.8549467275494673, 0.84779299847793, 0.8495433789954338, 0.8498477929984779, 0.8788432267884323, 0.9868340943683409, 0.9863774733637747, 0.9852359208523592, 0.9879756468797565];
wisard;50;compact_Literacy_Language_50.pickle;1.14;75824;131404;15;10;0.9090563165905632;[0.8499238964992389, 0.8558599695585997, 0.8378995433789954, 0.8511415525114155, 0.8491628614916286, 0.8896499238964992, 0.9850837138508372, 0.9938356164383562, 0.9880517503805175, 0.9899543378995433];
wisard;50;compact_Literacy_Language_50.pickle;1.14;75824;131404;16;10;0.9085388127853882;[0.8534246575342466, 0.8688736681887367, 0.837062404870624, 0.8281582952815829, 0.8506849315068493, 0.8806697108066971, 0.9898021308980213, 0.9875190258751902, 0.9943683409436834, 0.9948249619482497];
wisard;50;compact_Literacy_Language_50.pickle;1.14;75824;131404;17;10;0.9132648401826484;[0.8594368340943683, 0.8624809741248097, 0.8481735159817352, 0.843531202435312, 0.8661339421613394, 0.8884322678843227, 0.9926940639269406, 0.9872907153729071, 0.9926179604261796, 0.9918569254185693];
wisard;50;compact_Literacy_Language_50.pickle;1.14;75824;131404;18;10;0.9217123287671232;[0.8691780821917808, 0.8647640791476408, 0.869558599695586, 0.8650684931506849, 0.8671232876712329, 0.9051750380517504, 0.9930745814307458, 0.993607305936073, 0.995738203957382, 0.9938356164383562];
wisard;50;compact_Literacy_Language_50.pickle;1.14;75824;131404;19;10;0.9225799086757991;[0.8775494672754947, 0.871765601217656, 0.8678843226788432, 0.8710806697108067, 0.8687975646879756, 0.9025114155251142, 0.9942922374429224, 0.9942161339421614, 0.9907914764079148, 0.986910197869102];
wisard;50;compact_Literacy_Language_50.pickle;1.14;75824;131404;20;10;0.9251293759512936;[0.8748858447488584, 0.8808980213089802, 0.8658295281582953, 0.8714611872146119, 0.8749619482496195, 0.9035768645357687, 0.993455098934551, 0.9965753424657534, 0.9947488584474886, 0.9949010654490107];
wisard;50;compact_Math_Science_50.pickle;1.14;42043;69478;2;10;0.8021736001151577;[0.8088383474881243, 0.8179070102202389, 0.8075428242406795, 0.8075428242406795, 0.8186267453577084, 0.81905858644019, 0.8176191161652512, 0.7719879084496906, 0.8605153303584281, 0.6920973081905859];
wisard;50;compact_Math_Science_50.pickle;1.14;42043;69478;3;10;0.8409097452137612;[0.797034691233626, 0.8061033539657406, 0.803080466388369, 0.8180509572477328, 0.8111414999280265, 0.8135885993954225, 0.8544695552036851, 0.9085936375413848, 0.870303728228012, 0.926730963005614];
wisard;50;compact_Math_Science_50.pickle;1.14;42043;69478;4;10;0.853951345904707;[0.8033683604433568, 0.8036562544983447, 0.8049517777457895, 0.800777313948467, 0.8040880955808263, 0.8079746653231611, 0.8927594645170577, 0.9568158917518353, 0.9602706204116885, 0.9048510148265438];
wisard;50;compact_Math_Science_50.pickle;1.14;42043;69478;5;10;0.8619260112278682;[0.8027925723333813, 0.80682308910321, 0.804375989635814, 0.8013531020584425, 0.8050957247732834, 0.8097020296530877, 0.9191017705484382, 0.9598387793292068, 0.9488988052396718, 0.9612782496041457];
wisard;50;compact_Math_Science_50.pickle;1.14;42043;69478;6;10;0.862775298690082;[0.8035123074708507, 0.8092701885706061, 0.7955952209586872, 0.7954512739311933, 0.7989060025910465, 0.8036562544983447, 0.9546566863394271, 0.9514898517345617, 0.9576795739167986, 0.9575356268893047];
wisard;50;compact_Math_Science_50.pickle;1.14;42043;69478;7;10;0.8709514898517347;[0.8040880955808263, 0.8085504534331366, 0.8003454728659853, 0.8076867712681733, 0.8061033539657406, 0.7978983733985893, 0.9732258528861379, 0.9824384626457464, 0.96329350798906, 0.9658845544839499];
wisard;50;compact_Math_Science_50.pickle;1.14;42043;69478;8;10;0.8709946739599828;[0.8118612350654959, 0.8012091550309486, 0.8020728371959119, 0.8065351950482222, 0.8072549301856916, 0.8032244134158629, 0.9805671512883259, 0.9733697999136318, 0.9750971642435584, 0.9487548582121779];
wisard;50;compact_Math_Science_50.pickle;1.14;42043;69478;9;10;0.8742046926730962;[0.8035123074708507, 0.8066791420757161, 0.8003454728659853, 0.804375989635814, 0.811717288038002, 0.8062473009932345, 0.960846408521664, 0.9883402907729956, 0.9886281848279833, 0.9713545415287175];
wisard;50;compact_Math_Science_50.pickle;1.14;42043;69478;10;10;0.8795451273931194;[0.8160356988628185, 0.815459910752843, 0.8133007053404347, 0.8062473009932345, 0.8006333669209731, 0.8176191161652512, 0.980423204260832, 0.9904994961854038, 0.976824528573485, 0.9784079458759176];
wisard;50;compact_Math_Science_50.pickle;1.14;42043;69478;11;10;0.8823952785374981;[0.8145962285878796, 0.8246725205124514, 0.8174751691377573, 0.8086944004606305, 0.8179070102202389, 0.8118612350654959, 0.984021879948179, 0.982870303728228, 0.9841658269756729, 0.9776882107384482];
wisard;50;compact_Math_Science_50.pickle;1.14;42043;69478;12;10;0.888095580826256;[0.8210738448251044, 0.8176191161652512, 0.8111414999280265, 0.8266877788973658, 0.8252483086224269, 0.8302864545847128, 0.9847416150856485, 0.9880523967180078, 0.986612926443069, 0.9894918669929466];
wisard;50;compact_Math_Science_50.pickle;1.14;42043;69478;13;10;0.8929178062473009;[0.8282711961997985, 0.8302864545847128, 0.8305743486397006, 0.8330214481070966, 0.8206420037426227, 0.8321577659421333, 0.9844537210306608, 0.9889160788829711, 0.9881963437455017, 0.992658701597812];
wisard;50;compact_Math_Science_50.pickle;1.14;42043;69478;14;10;0.8945588023607313;[0.8272635670073413, 0.8305743486397006, 0.8279833021448108, 0.8321577659421333, 0.8389232762343458, 0.8343169713545415, 0.9808550453433137, 0.995105801065208, 0.9830142507557219, 0.9953936951201958];
wisard;50;compact_Math_Science_50.pickle;1.14;42043;69478;15;10;0.8995681589175184;[0.8382035410968763, 0.8405066935367784, 0.8406506405642723, 0.8376277529869008, 0.8390672232618397, 0.8446811573341011, 0.9786958399309055, 0.9958255362026774, 0.9848855621131424, 0.9955376421476897];
wisard;50;compact_Math_Science_50.pickle;1.14;42043;69478;16;10;0.9054124082337701;[0.8462645746365337, 0.8500071973513746, 0.8469843097740032, 0.8525982438462646, 0.8511587735713257, 0.8405066935367784, 0.9873326615805383, 0.9942421189002447, 0.9943860659277386, 0.9906434432128977];
wisard;50;compact_Math_Science_50.pickle;1.14;42043;69478;17;10;0.9081761911616525;[0.8475600978839787, 0.8554771843961422, 0.845976680581546, 0.8494314092413991, 0.8563408665611055, 0.8574924427810565, 0.9881963437455017, 0.9930905426802936, 0.9933784367352814, 0.9948179070102202];
wisard;50;compact_Math_Science_50.pickle;1.14;42043;69478;18;10;0.912566575500216;[0.855621131423636, 0.8561969195336117, 0.8597955952209587, 0.8574924427810565, 0.8651216352382324, 0.8586440190010076, 0.9887721318554772, 0.995105801065208, 0.9948179070102202, 0.9940981718727508];
wisard;50;compact_Math_Science_50.pickle;1.14;42043;69478;19;10;0.9162228299985605;[0.855621131423636, 0.8688642579530733, 0.8579242838635383, 0.8635382179357997, 0.8674247876781345, 0.8687203109255794, 0.9896358140204404, 0.9972650064776163, 0.9976968475600979, 0.9955376421476897];
wisard;50;compact_Math_Science_50.pickle;1.14;42043;69478;20;10;0.918727508276954;[0.8626745357708363, 0.871599251475457, 0.8662732114581834, 0.8649776882107384, 0.8698718871455304, 0.8711674103929754, 0.9917950194328488, 0.9958255362026774, 0.9981286886425795, 0.9949618540377141];
wisard;50;compact_Music_The_Arts_50.pickle;1.14;8847;15024;2;10;0.8161784287616511;[0.8315579227696405, 0.8342210386151797, 0.8475366178428761, 0.844207723035952, 0.8189081225033289, 0.8275632490013316, 0.7556591211717709, 0.7283621837549934, 0.7423435419440746, 0.9314247669773635];
wisard;50;compact_Music_The_Arts_50.pickle;1.14;8847;15024;3;10;0.8619174434087883;[0.8195739014647138, 0.8475366178428761, 0.8535286284953395, 0.8362183754993342, 0.818242343541944, 0.8601864181091877, 0.8368841544607191, 0.8848202396804261, 0.9374167776298269, 0.9247669773635153];
wisard;50;compact_Music_The_Arts_50.pickle;1.14;8847;15024;4;10;0.8765645805592543;[0.8328894806924101, 0.8415446071904128, 0.8448735019973369, 0.8435419440745673, 0.8302263648468708, 0.8601864181091877, 0.9494007989347537, 0.918774966711052, 0.8901464713715047, 0.9540612516644474];
wisard;50;compact_Music_The_Arts_50.pickle;1.14;8847;15024;5;10;0.8870173102529959;[0.8308921438082557, 0.8455392809587217, 0.8355525965379494, 0.8415446071904128, 0.8215712383488681, 0.8628495339547271, 0.9693741677762983, 0.9447403462050599, 0.9593874833555259, 0.9587217043941412];
wisard;50;compact_Music_The_Arts_50.pickle;1.14;8847;15024;6;10;0.8932756324900133;[0.8275632490013316, 0.8402130492676432, 0.859520639147803, 0.855525965379494, 0.8288948069241012, 0.8575233022636485, 0.96271637816245, 0.9786950732356857, 0.9747003994673769, 0.9474034620505992];
wisard;50;compact_Music_The_Arts_50.pickle;1.14;8847;15024;7;10;0.9081225033288949;[0.8615179760319573, 0.8641810918774967, 0.8521970705725699, 0.8628495339547271, 0.8501997336884154, 0.8661784287616512, 0.9713715046604527, 0.9826897470039947, 0.9813581890812251, 0.988681757656458];
wisard;50;compact_Music_The_Arts_50.pickle;1.14;8847;15024;8;10;0.9091877496671105;[0.8601864181091877, 0.8601864181091877, 0.8688415446071904, 0.8621837549933422, 0.8468708388814914, 0.8768308921438083, 0.974034620505992, 0.9953395472703063, 0.978029294274301, 0.9693741677762983];
wisard;50;compact_Music_The_Arts_50.pickle;1.14;8847;15024;9;10;0.9192410119840215;[0.8661784287616512, 0.8754993342210386, 0.8861517976031957, 0.8628495339547271, 0.8581890812250332, 0.8854860186418109, 0.9773635153129161, 0.992676431424767, 0.9940079893475366, 0.9940079893475366];
wisard;50;compact_Music_The_Arts_50.pickle;1.14;8847;15024;10;10;0.923901464713715;[0.8681757656458056, 0.8794940079893475, 0.8908122503328895, 0.8841544607190412, 0.8608521970705726, 0.8861517976031957, 0.992676431424767, 0.9940079893475366, 0.996005326231691, 0.9866844207723036];
wisard;50;compact_Music_The_Arts_50.pickle;1.14;8847;15024;11;10;0.9327563249001333;[0.8808255659121171, 0.8921438082556591, 0.8988015978695073, 0.8994673768308922, 0.8894806924101198, 0.8934753661784287, 0.9920106524633822, 0.992676431424767, 0.9906790945406125, 0.9980026631158455];
wisard;50;compact_Music_The_Arts_50.pickle;1.14;8847;15024;12;10;0.9332223701731026;[0.8874833555259654, 0.9007989347536618, 0.8948069241011984, 0.8988015978695073, 0.8854860186418109, 0.8948069241011984, 0.9913448735019973, 0.9920106524633822, 0.9940079893475366, 0.992676431424767];
wisard;50;compact_Music_The_Arts_50.pickle;1.14;8847;15024;13;10;0.9400133155792277;[0.8948069241011984, 0.892809587217044, 0.9101198402130493, 0.9107856191744341, 0.8968042609853528, 0.9127829560585885, 0.9966711051930759, 0.9953395472703063, 0.9946737683089214, 0.9953395472703063];
wisard;50;compact_Music_The_Arts_50.pickle;1.14;8847;15024;14;10;0.9434087882822902;[0.8914780292942743, 0.9067909454061251, 0.9221038615179761, 0.9174434087882823, 0.8948069241011984, 0.9167776298268975, 0.9980026631158455, 0.9973368841544608, 0.9946737683089214, 0.9946737683089214];
wisard;50;compact_Music_The_Arts_50.pickle;1.14;8847;15024;15;10;0.9461384820239681;[0.9087882822902796, 0.9134487350199734, 0.9167776298268975, 0.918774966711052, 0.9041278295605859, 0.9114513981358189, 0.9966711051930759, 0.9993342210386151, 0.9966711051930759, 0.9953395472703063];
wisard;50;compact_Music_The_Arts_50.pickle;1.14;8847;15024;16;10;0.9488681757656456;[0.9001331557922769, 0.9201065246338216, 0.9221038615179761, 0.9274300932090546, 0.9067909454061251, 0.929427430093209, 0.9973368841544608, 0.9946737683089214, 0.9946737683089214, 0.996005326231691];
wisard;50;compact_Music_The_Arts_50.pickle;1.14;8847;15024;17;10;0.951797603195739;[0.9114513981358189, 0.9241011984021305, 0.9227696404793608, 0.9260985352862849, 0.9161118508655126, 0.9287616511318242, 0.9953395472703063, 0.9986684420772304, 0.9980026631158455, 0.9966711051930759];
wisard;50;compact_Music_The_Arts_50.pickle;1.14;8847;15024;18;10;0.9577896138482025;[0.9227696404793608, 0.9360852197070573, 0.936750998668442, 0.9274300932090546, 0.9227696404793608, 0.936750998668442, 1.0, 0.9986684420772304, 0.9993342210386151, 0.9973368841544608];
wisard;50;compact_Music_The_Arts_50.pickle;1.14;8847;15024;19;10;0.9593874833555258;[0.9280958721704394, 0.9327563249001332, 0.9454061251664447, 0.9320905459387483, 0.9274300932090546, 0.9327563249001332, 1.0, 0.9986684420772304, 0.9993342210386151, 0.9973368841544608];
wisard;50;compact_Music_The_Arts_50.pickle;1.14;8847;15024;20;10;0.9591877496671106;[0.9327563249001332, 0.9347536617842876, 0.9374167776298269, 0.9347536617842876, 0.9227696404793608, 0.9400798934753661, 0.9986684420772304, 0.9946737683089214, 0.9986684420772304, 0.9973368841544608];
wisard;50;compact_Special_Needs_50.pickle;1.14;7685;12452;2;10;0.8288353413654619;[0.8080321285140563, 0.8008032128514057, 0.7911646586345381, 0.7791164658634538, 0.8152610441767069, 0.7911646586345381, 0.8803212851405623, 0.8955823293172691, 0.8987951807228916, 0.8281124497991967];
wisard;50;compact_Special_Needs_50.pickle;1.14;7685;12452;3;10;0.8526907630522089;[0.8160642570281125, 0.8, 0.7967871485943775, 0.7751004016064257, 0.7991967871485943, 0.7967871485943775, 0.9325301204819277, 0.9044176706827309, 0.9566265060240964, 0.9493975903614458];
wisard;50;compact_Special_Needs_50.pickle;1.14;7685;12452;4;10;0.8616064257028112;[0.8144578313253013, 0.8048192771084337, 0.8080321285140563, 0.7831325301204819, 0.8032128514056225, 0.7991967871485943, 0.9261044176706827, 0.957429718875502, 0.9614457831325302, 0.9582329317269076];
wisard;50;compact_Special_Needs_50.pickle;1.14;7685;12452;5;10;0.865140562248996;[0.8120481927710843, 0.7983935742971887, 0.8168674698795181, 0.7694779116465863, 0.8257028112449799, 0.7991967871485943, 0.9293172690763052, 0.9646586345381526, 0.9734939759036144, 0.9622489959839358];
wisard;50;compact_Special_Needs_50.pickle;1.14;7685;12452;6;10;0.8735742971887552;[0.8273092369477911, 0.7943775100401607, 0.7967871485943775, 0.7919678714859437, 0.8224899598393575, 0.8200803212851405, 0.9518072289156626, 0.9662650602409638, 0.9823293172690764, 0.9823293172690764];
wisard;50;compact_Special_Needs_50.pickle;1.14;7685;12452;7;10;0.8837751004016065;[0.8417670682730923, 0.8144578313253013, 0.8321285140562249, 0.8032128514056225, 0.8321285140562249, 0.8120481927710843, 0.970281124497992, 0.9726907630522088, 0.97429718875502, 0.9847389558232932];
wisard;50;compact_Special_Needs_50.pickle;1.14;7685;12452;8;10;0.8926104417670684;[0.8554216867469879, 0.8321285140562249, 0.8441767068273093, 0.8120481927710843, 0.8417670682730923, 0.8361445783132531, 0.9670682730923694, 0.976706827309237, 0.9726907630522088, 0.9879518072289156];
wisard;50;compact_Special_Needs_50.pickle;1.14;7685;12452;9;10;0.9010441767068273;[0.8658634538152611, 0.8449799196787149, 0.8489959839357429, 0.8112449799196787, 0.8570281124497992, 0.8369477911646587, 0.9751004016064257, 0.993574297188755, 0.989558232931727, 0.98714859437751];
wisard;50;compact_Special_Needs_50.pickle;1.14;7685;12452;10;10;0.9076305220883534;[0.8730923694779117, 0.8489959839357429, 0.8650602409638555, 0.8409638554216867, 0.8690763052208835, 0.8489959839357429, 0.9686746987951808, 0.9903614457831326, 0.983132530120482, 0.9879518072289156];
wisard;50;compact_Special_Needs_50.pickle;1.14;7685;12452;11;10;0.9142168674698794;[0.8722891566265061, 0.8642570281124498, 0.8554216867469879, 0.8481927710843373, 0.8843373493975903, 0.8682730923694779, 0.9759036144578314, 0.9879518072289156, 0.9927710843373494, 0.9927710843373494];
wisard;50;compact_Special_Needs_50.pickle;1.14;7685;12452;12;10;0.9195180722891566;[0.8835341365461847, 0.8650602409638555, 0.8763052208835341, 0.8658634538152611, 0.8795180722891566, 0.8634538152610441, 0.97429718875502, 0.9951807228915662, 0.9991967871485944, 0.9927710843373494];
wisard;50;compact_Special_Needs_50.pickle;1.14;7685;12452;13;10;0.9235341365461848;[0.8955823293172691, 0.8626506024096385, 0.8827309236947791, 0.8538152610441767, 0.8835341365461847, 0.878714859437751, 0.9879518072289156, 0.9959839357429718, 1.0, 0.9943775100401606];
wisard;50;compact_Special_Needs_50.pickle;1.14;7685;12452;14;10;0.9283534136546185;[0.8883534136546185, 0.878714859437751, 0.8891566265060241, 0.8771084337349397, 0.9020080321285141, 0.8779116465863454, 0.9815261044176706, 0.9975903614457832, 0.9943775100401606, 0.9967871485943776];
wisard;50;compact_Special_Needs_50.pickle;1.14;7685;12452;15;10;0.931004016064257;[0.8899598393574297, 0.8891566265060241, 0.8899598393574297, 0.8763052208835341, 0.9020080321285141, 0.8891566265060241, 0.9839357429718876, 0.9951807228915662, 0.9983935742971888, 0.9959839357429718];
wisard;50;compact_Special_Needs_50.pickle;1.14;7685;12452;16;10;0.9329317269076306;[0.9052208835341365, 0.8835341365461847, 0.9004016064257028, 0.8738955823293173, 0.8995983935742972, 0.8891566265060241, 0.983132530120482, 0.9959839357429718, 1.0, 0.9983935742971888];
wisard;50;compact_Special_Needs_50.pickle;1.14;7685;12452;17;10;0.9359036144578313;[0.9076305220883534, 0.8931726907630522, 0.9004016064257028, 0.8779116465863454, 0.8955823293172691, 0.9036144578313253, 0.98714859437751, 0.9967871485943776, 0.9975903614457832, 0.9991967871485944];
wisard;50;compact_Special_Needs_50.pickle;1.14;7685;12452;18;10;0.9427309236947792;[0.9301204819277108, 0.8939759036144578, 0.9044176706827309, 0.891566265060241, 0.9132530120481928, 0.914859437751004, 0.9847389558232932, 0.9967871485943776, 0.9983935742971888, 0.9991967871485944];
wisard;50;compact_Special_Needs_50.pickle;1.14;7685;12452;19;10;0.9383132530120483;[0.9068273092369478, 0.8907630522088353, 0.9060240963855422, 0.891566265060241, 0.8947791164658635, 0.9124497991967871, 0.9839357429718876, 1.0, 0.9983935742971888, 0.9983935742971888];
wisard;50;compact_Special_Needs_50.pickle;1.14;7685;12452;20;10;0.943132530120482;[0.9253012048192771, 0.9068273092369478, 0.9076305220883534, 0.8995983935742972, 0.8995983935742972, 0.9124497991967871, 0.9855421686746988, 0.9975903614457832, 0.9975903614457832, 0.9991967871485944];
wisard;50;compact_Warmth_Care_Hunger_50.pickle;1.14;2191;4040;2;10;0.8886138613861385;[0.9381188118811881, 0.9133663366336634, 0.9628712871287128, 0.9306930693069307, 0.9356435643564357, 0.8217821782178217, 0.8638613861386139, 0.8267326732673267, 0.7920792079207921, 0.900990099009901];
wisard;50;compact_Warmth_Care_Hunger_50.pickle;1.14;2191;4040;3;10;0.9282178217821782;[0.9504950495049505, 0.9381188118811881, 0.9727722772277227, 0.9455445544554455, 0.9405940594059405, 0.9084158415841584, 0.8910891089108911, 0.9108910891089109, 0.9034653465346535, 0.9207920792079208];
wisard;50;compact_Warmth_Care_Hunger_50.pickle;1.14;2191;4040;4;10;0.9544554455445542;[0.9504950495049505, 0.948019801980198, 0.9752475247524752, 0.9405940594059405, 0.943069306930693, 0.9554455445544554, 0.9603960396039604, 0.9628712871287128, 0.943069306930693, 0.9653465346534653];
wisard;50;compact_Warmth_Care_Hunger_50.pickle;1.14;2191;4040;5;10;0.9626237623762375;[0.9603960396039604, 0.9628712871287128, 0.9727722772277227, 0.9603960396039604, 0.9603960396039604, 0.9603960396039604, 0.9727722772277227, 0.9727722772277227, 0.9529702970297029, 0.9504950495049505];
wisard;50;compact_Warmth_Care_Hunger_50.pickle;1.14;2191;4040;6;10;0.9693069306930694;[0.9554455445544554, 0.9653465346534653, 0.9777227722772277, 0.9579207920792079, 0.9579207920792079, 0.9603960396039604, 0.9702970297029703, 0.9876237623762376, 0.9777227722772277, 0.9826732673267327];
wisard;50;compact_Warmth_Care_Hunger_50.pickle;1.14;2191;4040;7;10;0.9732673267326731;[0.9603960396039604, 0.9504950495049505, 0.9851485148514851, 0.9554455445544554, 0.9579207920792079, 0.9702970297029703, 0.9925742574257426, 0.9900990099009901, 0.9851485148514851, 0.9851485148514851];
wisard;50;compact_Warmth_Care_Hunger_50.pickle;1.14;2191;4040;8;10;0.9762376237623762;[0.9702970297029703, 0.9752475247524752, 0.9826732673267327, 0.9579207920792079, 0.9603960396039604, 0.9752475247524752, 0.9851485148514851, 0.995049504950495, 0.9801980198019802, 0.9801980198019802];
wisard;50;compact_Warmth_Care_Hunger_50.pickle;1.14;2191;4040;9;10;0.9824257425742576;[0.9752475247524752, 0.9678217821782178, 0.9851485148514851, 0.9678217821782178, 0.9628712871287128, 0.9876237623762376, 1.0, 0.9975247524752475, 0.9900990099009901, 0.9900990099009901];
wisard;50;compact_Warmth_Care_Hunger_50.pickle;1.14;2191;4040;10;10;0.9876237623762376;[0.9752475247524752, 0.9801980198019802, 0.9900990099009901, 0.9826732673267327, 0.9752475247524752, 0.9900990099009901, 0.995049504950495, 1.0, 0.995049504950495, 0.9925742574257426];
wisard;50;compact_Warmth_Care_Hunger_50.pickle;1.14;2191;4040;11;10;0.9888613861386139;[0.9801980198019802, 0.9727722772277227, 0.9900990099009901, 0.9826732673267327, 0.9826732673267327, 0.9900990099009901, 0.9975247524752475, 0.9975247524752475, 1.0, 0.995049504950495];
wisard;50;compact_Warmth_Care_Hunger_50.pickle;1.14;2191;4040;12;10;0.9886138613861386;[0.9727722772277227, 0.9801980198019802, 0.9900990099009901, 0.9777227722772277, 0.9801980198019802, 0.9900990099009901, 0.995049504950495, 1.0, 1.0, 1.0];
wisard;50;compact_Warmth_Care_Hunger_50.pickle;1.14;2191;4040;13;10;0.9913366336633663;[0.9876237623762376, 0.9801980198019802, 1.0, 0.9900990099009901, 0.9826732673267327, 0.9851485148514851, 1.0, 0.9975247524752475, 0.9925742574257426, 0.9975247524752475];
wisard;50;compact_Warmth_Care_Hunger_50.pickle;1.14;2191;4040;14;10;0.9913366336633663;[0.9900990099009901, 0.9826732673267327, 0.9876237623762376, 0.9826732673267327, 0.9851485148514851, 0.9900990099009901, 0.995049504950495, 1.0, 1.0, 1.0];
wisard;50;compact_Warmth_Care_Hunger_50.pickle;1.14;2191;4040;15;10;0.9915841584158415;[0.9851485148514851, 0.9826732673267327, 0.9851485148514851, 0.9851485148514851, 0.9876237623762376, 0.9900990099009901, 1.0, 1.0, 1.0, 1.0];
wisard;50;compact_Warmth_Care_Hunger_50.pickle;1.14;2191;4040;16;10;0.9925742574257426;[0.9851485148514851, 0.9826732673267327, 0.9925742574257426, 0.9851485148514851, 0.9876237623762376, 0.995049504950495, 1.0, 1.0, 0.9975247524752475, 1.0];
wisard;50;compact_Warmth_Care_Hunger_50.pickle;1.14;2191;4040;17;10;0.9938118811881187;[0.9876237623762376, 0.9826732673267327, 0.9925742574257426, 0.9900990099009901, 0.9900990099009901, 0.995049504950495, 1.0, 1.0, 1.0, 1.0];
wisard;50;compact_Warmth_Care_Hunger_50.pickle;1.14;2191;4040;18;10;0.993069306930693;[0.9826732673267327, 0.9900990099009901, 0.9925742574257426, 0.9900990099009901, 0.9826732673267327, 0.9925742574257426, 1.0, 1.0, 1.0, 1.0];
wisard;50;compact_Warmth_Care_Hunger_50.pickle;1.14;2191;4040;19;10;0.9923267326732674;[0.9851485148514851, 0.9900990099009901, 0.9851485148514851, 0.9801980198019802, 0.9925742574257426, 0.9900990099009901, 1.0, 1.0, 1.0, 1.0];
wisard;50;compact_Warmth_Care_Hunger_50.pickle;1.14;2191;4040;20;10;0.9923267326732674;[0.9876237623762376, 0.9876237623762376, 0.9876237623762376, 0.9900990099009901, 0.9801980198019802, 0.9900990099009901, 1.0, 1.0, 1.0, 1.0];
wisard;100;compact_Applied_Learning_100.pickle;1.07;16811;27654;2;10;0.8614104882459312;[0.8245931283905967, 0.8245931283905967, 0.8188065099457504, 0.8202531645569621, 0.8151898734177215, 0.810126582278481, 0.8980108499095841, 0.9414104882459313, 0.9157323688969259, 0.9453887884267631];
wisard;100;compact_Applied_Learning_100.pickle;1.07;16811;27654;3;10;0.8713200723327306;[0.8180831826401447, 0.8130198915009041, 0.8155515370705244, 0.8202531645569621, 0.8090415913200724, 0.806871609403255, 0.9605786618444846, 0.9500904159132008, 0.9518987341772152, 0.9678119349005425];
wisard;100;compact_Applied_Learning_100.pickle;1.07;16811;27654;4;10;0.8786980108499096;[0.8227848101265823, 0.8159132007233273, 0.8224231464737793, 0.8184448462929476, 0.8137432188065099, 0.8104882459312839, 0.9616636528028933, 0.9869801084990958, 0.9641952983725136, 0.9703435804701628];
wisard;100;compact_Applied_Learning_100.pickle;1.07;16811;27654;5;10;0.8860397830018083;[0.8264014466546112, 0.8285714285714286, 0.820614828209765, 0.8253164556962025, 0.8155515370705244, 0.8119349005424955, 0.9754068716094032, 0.9840867992766726, 0.9891500904159132, 0.9833634719710669];
wisard;100;compact_Applied_Learning_100.pickle;1.07;16811;27654;6;10;0.8931283905967451;[0.8350813743218807, 0.8452079566003616, 0.8329113924050633, 0.8358047016274864, 0.8245931283905967, 0.8296564195298373, 0.9717902350813743, 0.98625678119349, 0.9811934900542495, 0.9887884267631103];
wisard;100;compact_Applied_Learning_100.pickle;1.07;16811;27654;7;10;0.898878842676311;[0.8499095840867993, 0.8452079566003616, 0.8419529837251356, 0.8484629294755877, 0.8383363471971067, 0.823869801084991, 0.976491862567812, 0.9898734177215189, 0.9898734177215189, 0.9848101265822785];
wisard;100;compact_Applied_Learning_100.pickle;1.07;16811;27654;8;10;0.9053164556962023;[0.8571428571428571, 0.8553345388788427, 0.8531645569620253, 0.854249547920434, 0.8379746835443038, 0.8358047016274864, 0.9804701627486437, 0.9956600361663652, 0.9920433996383363, 0.9913200723327306];
wisard;100;compact_Applied_Learning_100.pickle;1.07;16811;27654;9;10;0.911754068716094;[0.8593128390596745, 0.8658227848101265, 0.8614828209764919, 0.8596745027124774, 0.8531645569620253, 0.8531645569620253, 0.9808318264014466, 0.9974683544303797, 0.9931283905967451, 0.993490054249548];
wisard;100;compact_Applied_Learning_100.pickle;1.07;16811;27654;10;10;0.9192766726943942;[0.874502712477396, 0.8737793851717902, 0.8665461121157324, 0.8806509945750453, 0.864376130198915, 0.864376130198915, 0.9822784810126582, 0.9971066907775769, 0.9938517179023508, 0.9952983725135623];
wisard;100;compact_Applied_Learning_100.pickle;1.07;16811;27654;11;10;0.9248101265822785;[0.8886075949367088, 0.8878842676311031, 0.8792043399638336, 0.8752260397830018, 0.8708860759493671, 0.864376130198915, 0.9848101265822785, 0.9989150090415914, 0.9989150090415914, 0.9992766726943942];
wisard;100;compact_Applied_Learning_100.pickle;1.07;16811;27654;12;10;0.9328390596745028;[0.8998191681735985, 0.8940325497287522, 0.8900542495479205, 0.8972875226039783, 0.884629294755877, 0.8842676311030742, 0.9855334538878843, 0.9978300180831826, 0.9963833634719711, 0.9985533453887884];
wisard;100;compact_Applied_Learning_100.pickle;1.07;16811;27654;13;10;0.936745027124774;[0.9027124773960217, 0.9045207956600362, 0.8980108499095841, 0.8987341772151899, 0.8943942133815551, 0.8860759493670886, 0.98625678119349, 0.9989150090415914, 0.9981916817359855, 0.9996383363471971];
wisard;100;compact_Applied_Learning_100.pickle;1.07;16811;27654;14;10;0.9420614828209765;[0.9164556962025316, 0.9113924050632911, 0.9037974683544304, 0.9092224231464738, 0.8980108499095841, 0.8940325497287522, 0.9891500904159132, 0.9996383363471971, 1.0, 0.9989150090415914];
wisard;100;compact_Applied_Learning_100.pickle;1.07;16811;27654;15;10;0.9473056057866185;[0.9226039783001808, 0.9204339963833634, 0.9124773960216999, 0.918625678119349, 0.9074141048824593, 0.9045207956600362, 0.9887884267631103, 0.9989150090415914, 0.9996383363471971, 0.9996383363471971];
wisard;100;compact_Applied_Learning_100.pickle;1.07;16811;27654;16;10;0.9513200723327305;[0.9312839059674503, 0.9262206148282097, 0.9150090415913201, 0.9251356238698011, 0.918625678119349, 0.9099457504520796, 0.9873417721518988, 0.9996383363471971, 1.0, 1.0];
wisard;100;compact_Applied_Learning_100.pickle;1.07;16811;27654;17;10;0.9545750452079567;[0.9359855334538879, 0.9301989150090416, 0.9265822784810127, 0.9251356238698011, 0.9168173598553345, 0.9218806509945751, 0.9898734177215189, 0.9996383363471971, 0.9996383363471971, 1.0];
wisard;100;compact_Applied_Learning_100.pickle;1.07;16811;27654;18;10;0.9578300180831828;[0.9385171790235082, 0.9352622061482821, 0.9301989150090416, 0.9377938517179023, 0.9258589511754068, 0.9222423146473779, 0.9891500904159132, 0.9992766726943942, 1.0, 1.0];
wisard;100;compact_Applied_Learning_100.pickle;1.07;16811;27654;19;10;0.9603254972875227;[0.9421338155515371, 0.9399638336347197, 0.9334538878842676, 0.9385171790235082, 0.9298372513562387, 0.9305605786618445, 0.9891500904159132, 0.9996383363471971, 1.0, 1.0];
wisard;100;compact_Applied_Learning_100.pickle;1.07;16811;27654;20;10;0.9621699819168172;[0.9446654611211573, 0.9385171790235082, 0.9349005424954792, 0.9428571428571428, 0.9349005424954792, 0.9359855334538879, 0.9905967450271248, 0.9996383363471971, 0.9996383363471971, 1.0];
wisard;100;compact_Health_Sports_100.pickle;1.07;21754;36884;2;10;0.8776030368763557;[0.8449023861171366, 0.8421908893709328, 0.8373101952277657, 0.8381236442516269, 0.835412147505423, 0.8457158351409978, 0.954175704989154, 0.9273318872017353, 0.9341106290672451, 0.9167570498915402];
wisard;100;compact_Health_Sports_100.pickle;1.07;21754;36884;3;10;0.8860900216919738;[0.846529284164859, 0.8400216919739696, 0.8378524945770065, 0.8386659436008677, 0.8310737527114967, 0.8419197396963124, 0.9511930585683297, 0.9625813449023861, 0.9736984815618221, 0.9373644251626898];
wisard;100;compact_Health_Sports_100.pickle;1.07;21754;36884;4;10;0.8932483731019524;[0.8470715835140998, 0.8373101952277657, 0.8397505422993492, 0.8421908893709328, 0.8370390455531453, 0.8481561822125814, 0.9720715835140998, 0.9709869848156182, 0.9840021691973969, 0.9539045553145337];
wisard;100;compact_Health_Sports_100.pickle;1.07;21754;36884;5;10;0.8962581344902386;[0.8533080260303688, 0.8438177874186551, 0.84029284164859, 0.8411062906724512, 0.8364967462039046, 0.8489696312364425, 0.9831887201735358, 0.9769522776572668, 0.9647505422993492, 0.9736984815618221];
wisard;100;compact_Health_Sports_100.pickle;1.07;21754;36884;6;10;0.9061279826464208;[0.8595444685466378, 0.8535791757049892, 0.8446312364425163, 0.8511388286334056, 0.8413774403470716, 0.8579175704989154, 0.9867136659436009, 0.9913232104121475, 0.9894251626898047, 0.9856290672451193];
wisard;100;compact_Health_Sports_100.pickle;1.07;21754;36884;7;10;0.9116323210412147;[0.8606290672451193, 0.8587310195227765, 0.8573752711496746, 0.857646420824295, 0.8530368763557483, 0.8706616052060737, 0.9905097613882863, 0.9872559652928417, 0.9883405639913232, 0.9921366594360087];
wisard;100;compact_Health_Sports_100.pickle;1.07;21754;36884;8;10;0.9142624728850326;[0.8663232104121475, 0.8657809110629068, 0.8668655097613883, 0.8609002169197397, 0.8579175704989154, 0.8712039045553145, 0.9929501084598699, 0.9837310195227765, 0.9934924078091106, 0.9834598698481561];
wisard;100;compact_Health_Sports_100.pickle;1.07;21754;36884;9;10;0.9221529284164861;[0.8782537960954447, 0.8709327548806941, 0.8714750542299349, 0.8728308026030369, 0.8679501084598699, 0.8785249457700651, 0.9967462039045553, 0.9967462039045553, 0.9932212581344902, 0.9948481561822126];
wisard;100;compact_Health_Sports_100.pickle;1.07;21754;36884;10;10;0.9265726681127984;[0.8801518438177874, 0.8809652928416486, 0.8836767895878525, 0.8766268980477223, 0.8793383947939263, 0.8850325379609545, 0.993763557483731, 0.9983731019522777, 0.9964750542299349, 0.9913232104121475];
wisard;100;compact_Health_Sports_100.pickle;1.07;21754;36884;11;10;0.9315618221258134;[0.8934381778741866, 0.8858459869848156, 0.8947939262472885, 0.8904555314533622, 0.8760845986984815, 0.8890997830802603, 0.9972885032537961, 0.9953904555314533, 0.9964750542299349, 0.9967462039045553];
wisard;100;compact_Health_Sports_100.pickle;1.07;21754;36884;12;10;0.9368492407809113;[0.9002169197396963, 0.8988611713665944, 0.8953362255965293, 0.8988611713665944, 0.8872017353579176, 0.8977765726681128, 0.9981019522776573, 0.9981019522776573, 0.9972885032537961, 0.9967462039045553];
wisard;100;compact_Health_Sports_100.pickle;1.07;21754;36884;13;10;0.9409164859002168;[0.9091648590021691, 0.9037418655097614, 0.9059110629067245, 0.9023861171366594, 0.8972342733188721, 0.9007592190889371, 0.9959327548806941, 0.9986442516268981, 0.9975596529284165, 0.9978308026030369];
wisard;100;compact_Health_Sports_100.pickle;1.07;21754;36884;14;10;0.9447396963123644;[0.9148590021691974, 0.9156724511930586, 0.9072668112798264, 0.9069956616052061, 0.904826464208243, 0.9072668112798264, 0.9975596529284165, 0.9981019522776573, 0.9991865509761388, 0.9956616052060737];
wisard;100;compact_Health_Sports_100.pickle;1.07;21754;36884;15;10;0.9478850325379609;[0.9162147505422994, 0.9135032537960954, 0.9178416485900217, 0.9151301518438177, 0.9126898047722343, 0.9094360086767896, 0.9994577006507592, 0.9967462039045553, 0.9997288503253796, 0.9981019522776573];
wisard;100;compact_Health_Sports_100.pickle;1.07;21754;36884;16;10;0.9540672451193059;[0.925704989154013, 0.9205531453362256, 0.9224511930585684, 0.9316702819956616, 0.919468546637744, 0.9235357917570499, 0.9994577006507592, 1.0, 0.9989154013015185, 0.9989154013015185];
wisard;100;compact_Health_Sports_100.pickle;1.07;21754;36884;17;10;0.9579718004338394;[0.9273318872017353, 0.9322125813449024, 0.9303145336225597, 0.9330260303687635, 0.9324837310195228, 0.9273318872017353, 0.9989154013015185, 0.9997288503253796, 0.9991865509761388, 0.9991865509761388];
wisard;100;compact_Health_Sports_100.pickle;1.07;21754;36884;18;10;0.9605748373101953;[0.9341106290672451, 0.9351952277657267, 0.9392624728850325, 0.9354663774403471, 0.9311279826464208, 0.9322125813449024, 0.9991865509761388, 0.9997288503253796, 1.0, 0.9994577006507592];
wisard;100;compact_Health_Sports_100.pickle;1.07;21754;36884;19;10;0.963937093275488;[0.943058568329718, 0.9436008676789588, 0.9360086767895879, 0.938177874186551, 0.9417028199566161, 0.938177874186551, 1.0, 0.9994577006507592, 0.9991865509761388, 1.0];
wisard;100;compact_Health_Sports_100.pickle;1.07;21754;36884;20;10;0.966675704989154;[0.9452277657266811, 0.9487527114967462, 0.9417028199566161, 0.9427874186550976, 0.9457700650759219, 0.9436008676789588, 0.9997288503253796, 1.0, 0.9994577006507592, 0.9997288503253796];
wisard;100;compact_History_Civics_100.pickle;1.07;6925;11756;2;10;0.8828085106382979;[0.8587234042553191, 0.8374468085106384, 0.8468085106382979, 0.857872340425532, 0.8561702127659574, 0.8621276595744681, 0.9446808510638298, 0.9131914893617021, 0.9378723404255319, 0.9131914893617021];
wisard;100;compact_History_Civics_100.pickle;1.07;6925;11756;3;10;0.8983829787234043;[0.851063829787234, 0.8297872340425532, 0.8536170212765958, 0.8689361702127659, 0.854468085106383, 0.8689361702127659, 0.963404255319149, 0.9548936170212766, 0.9787234042553191, 0.96];
wisard;100;compact_History_Civics_100.pickle;1.07;6925;11756;4;10;0.9041702127659574;[0.8689361702127659, 0.8425531914893617, 0.8442553191489361, 0.8714893617021277, 0.8536170212765958, 0.8740425531914894, 0.9761702127659575, 0.9685106382978723, 0.9582978723404255, 0.9838297872340426];
wisard;100;compact_History_Civics_100.pickle;1.07;6925;11756;5;10;0.9114893617021276;[0.8646808510638297, 0.8527659574468085, 0.8629787234042553, 0.8842553191489362, 0.857872340425532, 0.88, 0.9727659574468085, 0.9829787234042553, 0.9744680851063829, 0.9821276595744681];
wisard;100;compact_History_Civics_100.pickle;1.07;6925;11756;6;10;0.9210212765957447;[0.8808510638297873, 0.8646808510638297, 0.8663829787234043, 0.8902127659574468, 0.865531914893617, 0.8936170212765957, 0.9940425531914894, 0.9838297872340426, 0.9948936170212765, 0.9761702127659575];
wisard;100;compact_History_Civics_100.pickle;1.07;6925;11756;7;10;0.9328510638297871;[0.8970212765957447, 0.8825531914893617, 0.8859574468085106, 0.8953191489361703, 0.8902127659574468, 0.9012765957446809, 0.9948936170212765, 0.9889361702127659, 0.9948936170212765, 0.9974468085106383];
wisard;100;compact_History_Civics_100.pickle;1.07;6925;11756;8;10;0.9411063829787233;[0.908936170212766, 0.8987234042553192, 0.894468085106383, 0.9182978723404255, 0.902127659574468, 0.9097872340425532, 0.9931914893617021, 0.9991489361702127, 0.9897872340425532, 0.9965957446808511];
wisard;100;compact_History_Civics_100.pickle;1.07;6925;11756;9;10;0.945531914893617;[0.92, 0.9080851063829787, 0.9097872340425532, 0.916595744680851, 0.9029787234042553, 0.9114893617021277, 0.9974468085106383, 0.9931914893617021, 0.9974468085106383, 0.9982978723404256];
wisard;100;compact_History_Civics_100.pickle;1.07;6925;11756;10;10;0.9508085106382976;[0.9242553191489362, 0.9182978723404255, 0.92, 0.9285106382978724, 0.9080851063829787, 0.9174468085106383, 0.9948936170212765, 0.9982978723404256, 1.0, 0.9982978723404256];
wisard;100;compact_History_Civics_100.pickle;1.07;6925;11756;11;10;0.9581276595744681;[0.9336170212765957, 0.9327659574468085, 0.9293617021276596, 0.9285106382978724, 0.9285106382978724, 0.931063829787234, 0.9991489361702127, 1.0, 1.0, 0.9982978723404256];
wisard;100;compact_History_Civics_100.pickle;1.07;6925;11756;12;10;0.9636595744680851;[0.934468085106383, 0.9353191489361702, 0.9387234042553192, 0.9472340425531914, 0.9378723404255319, 0.9446808510638298, 0.9991489361702127, 1.0, 1.0, 0.9991489361702127];
wisard;100;compact_History_Civics_100.pickle;1.07;6925;11756;13;10;0.9664680851063829;[0.9472340425531914, 0.9429787234042554, 0.9378723404255319, 0.948936170212766, 0.9412765957446808, 0.9472340425531914, 1.0, 1.0, 1.0, 0.9991489361702127];
wisard;100;compact_History_Civics_100.pickle;1.07;6925;11756;14;10;0.969872340425532;[0.9557446808510638, 0.9463829787234043, 0.9429787234042554, 0.9531914893617022, 0.948936170212766, 0.9531914893617022, 1.0, 0.9991489361702127, 1.0, 0.9991489361702127];
wisard;100;compact_History_Civics_100.pickle;1.07;6925;11756;15;10;0.9721702127659574;[0.9548936170212766, 0.9574468085106383, 0.9438297872340425, 0.9574468085106383, 0.9523404255319149, 0.9557446808510638, 1.0, 1.0, 1.0, 1.0];
wisard;100;compact_History_Civics_100.pickle;1.07;6925;11756;16;10;0.975063829787234;[0.9651063829787234, 0.9591489361702128, 0.9540425531914893, 0.9659574468085106, 0.9514893617021276, 0.9565957446808511, 0.9991489361702127, 1.0, 0.9991489361702127, 1.0];
wisard;100;compact_History_Civics_100.pickle;1.07;6925;11756;17;10;0.977276595744681;[0.9702127659574468, 0.96, 0.9574468085106383, 0.9719148936170213, 0.9540425531914893, 0.9608510638297872, 0.9991489361702127, 1.0, 1.0, 0.9991489361702127];
wisard;100;compact_History_Civics_100.pickle;1.07;6925;11756;18;10;0.9786382978723402;[0.9719148936170213, 0.9591489361702128, 0.96, 0.9744680851063829, 0.9565957446808511, 0.9651063829787234, 0.9991489361702127, 1.0, 1.0, 1.0];
wisard;100;compact_History_Civics_100.pickle;1.07;6925;11756;19;10;0.9791489361702128;[0.9702127659574468, 0.963404255319149, 0.9608510638297872, 0.9753191489361702, 0.96, 0.9617021276595744, 1.0, 1.0, 1.0, 1.0];
wisard;100;compact_History_Civics_100.pickle;1.07;6925;11756;20;10;0.9798297872340426;[0.9676595744680851, 0.971063829787234, 0.9668085106382979, 0.9761702127659575, 0.9574468085106383, 0.9617021276595744, 0.9991489361702127, 0.9991489361702127, 1.0, 0.9991489361702127];
