data_distribution;tuple_size;bleaching_active;total_training_time;avg_in_sample_evaluation_time;total_in_sample_evaluation_time;avg_out_sample_evaluation_time;total_out_sample_evaluation_time;total_training_data;total_correct_training;percent_correct_training;total_approved_training;correctly_approved_training;wrongly_approved_training;percent_approved_correctly_training;total_reproved_training;correctly_reproved_training;wrongly_reproved_training;percent_reproved_correctly_training;total_test_data;total_correct_test;percent_correct_test;total_approved_test;correctly_approved_test;wrongly_approved_test;percent_approved_correctly_test;total_reproved_test;correctly_reproved_test;wrongly_reproved_test;percent_reproved_correctly_test;total_ties;ties_for_zeros;ties_for_ones
5/5;1;False;0.014840364456176758;0.0008515596389770507;0.008592844009399414;0.0008341374072262775;151.87149381637573;10;10;1.0;5;5;0;1.0;5;5;0;1.0;182070;83750;0.4599879167353216;154341;67736;11715;0.4388723670314434;27729;16014;86605;0.5775181218219193;41438;6554;34884;
5/5;1;True;0.006455183029174805;0.0008690595626831054;0.008793115615844727;0.00117458210959429;213.85621786117554;10;10;1.0;5;5;0;1.0;5;5;0;1.0;182070;108288;0.594760257043994;154341;98069;17510;0.6354047207158176;27729;10219;56272;0.36853114068303944;0;0;0;
5/5;2;False;0.004465579986572266;0.0005975723266601563;0.006018877029418945;0.0006043683508969731;110.03741693496704;10;10;1.0;5;5;0;1.0;5;5;0;1.0;182070;98390;0.5403965507771736;154341;86153;15492;0.5581990527468398;27729;12237;68188;0.44130693497782103;28963;4523;24440;
5/5;2;True;0.004735231399536133;0.0006587982177734375;0.006633281707763672;0.0007588719171924333;138.16785049438477;10;10;1.0;5;5;0;1.0;5;5;0;1.0;182070;114055;0.6264348876805624;154341;105528;19202;0.6837327735339281;27729;8527;48813;0.30751199105629484;0;0;0;
5/5;3;False;0.004061222076416016;0.0005165576934814453;0.0051953792572021484;0.0005278104663831487;96.09850597381592;10;10;1.0;5;5;0;1.0;5;5;0;1.0;182070;89509;0.4916186082276048;154341;74386;12606;0.48195877958546335;27729;15123;79955;0.5453856972844314;37666;6086;31580;
5/5;3;True;0.004014730453491211;0.0005182504653930664;0.005213022232055664;0.0006641944341135227;120.9299213886261;10;10;1.0;5;5;0;1.0;5;5;0;1.0;182070;110053;0.6044543307519086;154341;99895;17571;0.6472356664787711;27729;10158;54446;0.3663312777236828;3;0;3;
5/5;4;False;0.003706216812133789;0.00048174858093261717;0.004843950271606445;0.0005011749547808673;91.24897241592407;10;10;1.0;5;5;0;1.0;5;5;0;1.0;182070;98700;0.5420991926182238;154341;86263;15292;0.5589117603229213;27729;12437;68078;0.4485196004183346;31138;4876;26262;
5/5;4;True;0.003929615020751953;0.0004973173141479492;0.0050182342529296875;0.0006073881427846395;110.58721208572388;10;10;1.0;5;5;0;1.0;5;5;0;1.0;182070;112032;0.6153237765694514;154341;102809;18506;0.6661159380851491;27729;9223;51532;0.33261206678928196;41;5;36;
5/5;5;False;0.003651857376098633;0.00046155452728271487;0.0046482086181640625;0.00046754962249427335;85.12681150436401;10;10;1.0;5;5;0;1.0;5;5;0;1.0;182070;89085;0.489289833580491;154341;74488;13132;0.4826196538832844;27729;14597;79853;0.5264163871758808;38034;5950;32084;
5/5;5;True;0.003750324249267578;0.00045194625854492185;0.004560708999633789;0.0005700859879716693;103.79563236236572;10;10;1.0;5;5;0;1.0;5;5;0;1.0;182070;106544;0.5851815235898281;154341;96105;17290;0.6226796509028709;27729;10439;58236;0.3764650726676043;19;4;15;
5/5;6;False;0.003631591796875;0.0004439830780029297;0.004476785659790039;0.0004599170249540461;83.73714852333069;10;10;1.0;5;5;0;1.0;5;5;0;1.0;182070;88400;0.48552754435107376;154341;73649;12978;0.47718363882571707;27729;14751;80692;0.5319701395650763;38199;6017;32182;
5/5;6;True;0.003793954849243164;0.0004491567611694336;0.004548311233520508;0.0005620903988977159;102.33984446525574;10;10;1.0;5;5;0;1.0;5;5;0;1.0;182070;104955;0.5764541110561872;154341;94089;16863;0.6096176647812311;27729;10866;60252;0.39186411338310073;14;2;12;
5/5;7;False;0.0038204193115234375;0.0004735708236694336;0.004775524139404297;0.00043397310401211266;79.01384782791138;10;10;1.0;5;5;0;1.0;5;5;0;1.0;182070;79793;0.4382545174932718;154341;63363;11299;0.41053900130231114;27729;16430;90978;0.5925204659381874;36548;5697;30851;
5/5;7;True;0.003814220428466797;0.0004462003707885742;0.004495382308959961;0.000525281930432037;95.63813328742981;10;10;1.0;5;5;0;1.0;5;5;0;1.0;182070;98044;0.5384961827868402;154341;85855;15540;0.5562682631316371;27729;12189;68486;0.4395758952720978;489;76;413;
5/5;8;False;0.003554821014404297;0.0004099607467651367;0.004127979278564453;0.00046883631284215825;85.361083984375;10;10;1.0;5;5;0;1.0;5;5;0;1.0;182070;95317;0.5235184269786346;154341;82299;14711;0.5332283709448559;27729;13018;72042;0.46947239352302644;35381;5597;29784;
5/5;8;True;0.0037457942962646484;0.00047457218170166016;0.004792451858520508;0.0005489418322901072;99.94590067863464;10;10;1.0;5;5;0;1.0;5;5;0;1.0;182070;99349;0.5456637556983578;154341;87341;15721;0.5658962945685203;27729;12008;67000;0.43304843304843305;7;1;6;
5/5;9;False;0.003537893295288086;0.0004218339920043945;0.004280567169189453;0.0004221435550960604;76.85972690582275;10;10;1.0;5;5;0;1.0;5;5;0;1.0;182070;71228;0.39121217114296697;154341;52411;8912;0.3395792433637206;27729;18817;101930;0.6786036279707166;41212;6534;34678;
5/5;9;True;0.0034685134887695312;0.0004159450531005859;0.0042231082916259766;0.0005145973577042116;93.6927797794342;10;10;1.0;5;5;0;1.0;5;5;0;1.0;182070;93928;0.5158894930521228;154341;80522;14323;0.5217149040112479;27729;13406;73819;0.4834649644776227;1130;175;955;
5/5;10;False;0.003336191177368164;0.0004295825958251953;0.0043277740478515625;0.00042466728915268334;77.3192458152771;10;10;1.0;5;5;0;1.0;5;5;0;1.0;182070;92893;0.5102048662602295;154341;80258;15094;0.5200044058286521;27729;12635;74083;0.455660139204443;41732;6163;35569;
5/5;10;True;0.003434896469116211;0.00041472911834716797;0.004210710525512695;0.0005267016517210486;95.89661073684692;10;10;1.0;5;5;0;1.0;5;5;0;1.0;182070;111904;0.6146207502608887;154341;103176;19001;0.6684937897253485;27729;8728;51165;0.31476071982401094;1094;189;905;
5/5;20;False;0.003226757049560547;0.0003872394561767578;0.003917694091796875;0.00038303167794965576;69.73862075805664;10;10;1.0;5;5;0;1.0;5;5;0;1.0;182070;66094;0.36301422529796235;154341;46739;8374;0.3028294490770437;27729;19355;107602;0.698005698005698;83820;12958;70862;
5/5;20;True;0.003143787384033203;0.00039234161376953123;0.003953695297241211;0.0005565548189299081;101.33198523521423;10;10;1.0;5;5;0;1.0;5;5;0;1.0;182070;101821;0.5592409512824738;154341;90303;16211;0.5850875658444613;27729;11518;64038;0.4153774027191749;19710;3088;16622;
5/5;25;False;0.003370523452758789;0.0003742218017578125;0.0037806034088134766;0.00036594792934503;66.62819910049438;10;10;1.0;5;5;0;1.0;5;5;0;1.0;182070;70590;0.3877080243862251;154341;53032;10171;0.34360280158869;27729;17558;101309;0.6331998990226838;69557;10486;59071;
5/5;25;True;0.003134489059448242;0.00037479400634765625;0.0037796497344970703;0.0004815778930294472;87.68094396591187;10;10;1.0;5;5;0;1.0;5;5;0;1.0;182070;91466;0.5023672213983633;154341;78401;14664;0.5079726061124393;27729;13065;75940;0.4711673699015471;35493;5361;30132;
5/5;30;False;0.0032396316528320312;0.00036678314208984377;0.0037109851837158203;0.0003644062016989389;66.34747529029846;10;10;1.0;5;5;0;1.0;5;5;0;1.0;182070;80059;0.43971549404075355;154341;64624;12294;0.41870922178811854;27729;15435;89717;0.5566374553716326;80502;12145;68357;
5/5;30;True;0.0036482810974121094;0.0003848552703857422;0.0038726329803466797;0.0004271333886900444;77.76821541786194;10;10;1.0;5;5;0;1.0;5;5;0;1.0;182070;99369;0.5457736035590707;154341;87932;16292;0.5697254780000129;27729;11437;66409;0.4124562732157669;52567;8062;44505;
5/5;50;False;0.0030469894409179688;0.00035343170166015627;0.003565073013305664;0.00035327337009088207;64.32053089141846;10;10;1.0;5;5;0;1.0;5;5;0;1.0;182070;36465;0.20028011204481794;154341;10779;2043;0.06983886329620775;27729;25686;143562;0.9263226225251542;161033;24520;136513;
5/5;50;True;0.0030455589294433594;0.0003457069396972656;0.0034999847412109375;0.00035543607160863974;64.71429443359375;10;10;1.0;5;5;0;1.0;5;5;0;1.0;182070;36465;0.20028011204481794;154341;10779;2043;0.06983886329620775;27729;25686;143562;0.9263226225251542;161033;24520;136513;
5/5;100;False;0.003010988235473633;0.0003223419189453125;0.003254413604736328;0.00031578142848433607;57.494383811950684;10;10;1.0;5;5;0;1.0;5;5;0;1.0;182070;27734;0.15232602845059592;154341;5;0;3.2395798912796985e-05;27729;27729;154336;1.0;182054;27729;154325;
5/5;100;True;0.0027887821197509766;0.0003103494644165039;0.0031363964080810547;0.0003213351134407453;58.50552725791931;10;10;1.0;5;5;0;1.0;5;5;0;1.0;182070;27734;0.15232602845059592;154341;5;0;3.2395798912796985e-05;27729;27729;154336;1.0;182054;27729;154325;
10/10;1;False;0.023651838302612305;0.000852203369140625;0.01708245277404785;0.0008351956398084009;152.05575561523438;20;20;1.0;10;10;0;1.0;10;10;0;1.0;182060;66995;0.3679830825002746;154336;47458;8187;0.30749792660170017;27724;19537;106878;0.7046962920213533;49444;7424;42020;
10/10;1;True;0.012048006057739258;0.0009455680847167969;0.019243955612182617;0.001247198956491763;227.06512427330017;20;20;1.0;10;10;0;1.0;10;10;0;1.0;182060;85367;0.4688948698231352;154336;69560;11917;0.45070495542193656;27724;15807;84776;0.5701558216707546;0;0;0;
10/10;2;False;0.008562326431274414;0.0006001591682434082;0.012049198150634766;0.0005984714669499255;108.95776653289795;20;20;1.0;10;10;0;1.0;10;10;0;1.0;182060;70453;0.3869768208282984;154336;51014;8285;0.33053856520837654;27724;19439;103322;0.7011614485644208;47253;7263;39990;
10/10;2;True;0.008765220642089844;0.0006654262542724609;0.013348817825317383;0.0008318080268796167;151.4390377998352;20;20;1.0;10;10;0;1.0;10;10;0;1.0;182060;91340;0.5017027353619686;154336;76605;12989;0.4963521148662658;27724;14735;77731;0.5314889626316549;0;0;0;
10/10;3;False;0.007561445236206055;0.0005154132843017579;0.010344743728637695;0.000517833175258978;94.27676510810852;20;20;1.0;10;10;0;1.0;10;10;0;1.0;182060;75261;0.41338569702295946;154336;57869;10332;0.37495464441219156;27724;17392;96467;0.6273265041119608;44178;6704;37474;
10/10;3;True;0.00774073600769043;0.000563967227935791;0.011313676834106445;0.000692419735766971;126.06200838088989;20;20;1.0;10;10;0;1.0;10;10;0;1.0;182060;93652;0.5144018455454246;154336;79984;14056;0.5182459050383579;27724;13668;74352;0.4930024527485211;0;0;0;
10/10;4;False;0.007387876510620117;0.0004910945892333985;0.009871244430541992;0.0004740020632416445;86.29685688018799;20;20;1.0;10;10;0;1.0;10;10;0;1.0;182060;85077;0.4673019883554872;154336;69775;12422;0.45209801990462367;27724;15302;84561;0.5519405569181937;43101;6442;36659;
10/10;4;True;0.007322072982788086;0.0005274653434753418;0.010587692260742188;0.0006234560473258844;113.50670051574707;20;20;1.0;10;10;0;1.0;10;10;0;1.0;182060;101985;0.5601724706140833;154336;90193;15932;0.584393790172092;27724;11792;64143;0.42533544943009666;0;0;0;
10/10;5;False;0.0068929195404052734;0.00044491291046142576;0.008930444717407227;0.0004496470108459667;81.86278176307678;20;19;0.95;10;9;0;0.9;10;10;1;1.0;182060;63004;0.34606173788860817;154336;42728;7448;0.2768505079825834;27724;20276;111608;0.7313518972731208;39112;5980;33132;
10/10;5;True;0.0070247650146484375;0.0004829525947570801;0.009690999984741211;0.0005747675856404104;104.64224123954773;20;20;1.0;10;10;0;1.0;10;10;0;1.0;182060;77658;0.4265516862572778;154336;60364;10430;0.39112067178104915;27724;17294;93972;0.6237916606550281;0;0;0;
10/10;6;False;0.00674128532409668;0.0004324793815612793;0.008678197860717773;0.00042849061620847006;78.01104378700256;20;20;1.0;10;10;0;1.0;10;10;0;1.0;182060;68192;0.37455783807535975;154336;48922;8454;0.31698372382334644;27724;19270;105414;0.6950656470927716;41397;6220;35177;
10/10;6;True;0.0067942142486572266;0.0004304647445678711;0.008649110794067383;0.0005409713657324254;98.48929381370544;20;20;1.0;10;10;0;1.0;10;10;0;1.0;182060;81640;0.44842359661650005;154336;65116;11200;0.42191063653327804;27724;16524;89220;0.5960178906362719;0;0;0;
10/10;7;False;0.006864786148071289;0.00042754411697387695;0.008597135543823242;0.0004169939704403882;75.91796493530273;20;20;1.0;10;10;0;1.0;10;10;0;1.0;182060;67060;0.3683401076568164;154336;47755;8419;0.3094222993987145;27724;19305;106581;0.6963280911845332;39067;5808;33259;
10/10;7;True;0.0066852569580078125;0.0004191875457763672;0.008408546447753906;0.0005166000263331867;94.05225253105164;20;20;1.0;10;10;0;1.0;10;10;0;1.0;182060;80470;0.44199714379874766;154336;64038;11292;0.4149258760107817;27724;16432;90298;0.5926994661664984;0;0;0;
10/10;8;False;0.006540536880493164;0.00040898323059082033;0.008219242095947266;0.0004073604704010268;74.16408944129944;20;20;1.0;10;10;0;1.0;10;10;0;1.0;182060;81346;0.4468087443699879;154336;64836;11214;0.4200964130209413;27724;16510;89500;0.5955129129995672;38926;5969;32957;
10/10;8;True;0.0066928863525390625;0.00041205883026123046;0.00827932357788086;0.0004978439512716916;90.63751554489136;20;20;1.0;10;10;0;1.0;10;10;0;1.0;182060;88276;0.48487311875205974;154336;73191;12639;0.4742315467551317;27724;15085;81145;0.5441134035492714;0;0;0;
10/10;9;False;0.0064280033111572266;0.0004001140594482422;0.008031129837036133;0.00039677505347540936;72.23691725730896;20;20;1.0;10;10;0;1.0;10;10;0;1.0;182060;61609;0.33839942875974954;154336;40428;6543;0.2619479577026747;27724;21181;113908;0.7639950945029578;36960;5659;31301;
10/10;9;True;0.006494760513305664;0.00040378570556640623;0.008112192153930664;0.00048327190226727;87.9845380783081;20;20;1.0;10;10;0;1.0;10;10;0;1.0;182060;73336;0.40281225969460616;154336;54621;9009;0.3539096516690856;27724;18715;99715;0.6750468907805511;0;0;0;
10/10;10;False;0.0064775943756103516;0.0003927111625671387;0.007886171340942383;0.00039230436594109346;71.42298889160156;20;20;1.0;10;10;0;1.0;10;10;0;1.0;182060;75922;0.4170163682302538;154336;58409;10211;0.37845350404312667;27724;17513;95927;0.6316909536863368;41674;6392;35282;
10/10;10;True;0.006375551223754883;0.00039714574813842773;0.007979154586791992;0.0004934621815837033;89.83976793289185;20;20;1.0;10;10;0;1.0;10;10;0;1.0;182060;90537;0.49729210150499836;154336;76218;13405;0.493844598797429;27724;14319;78118;0.5164839128552878;3;1;2;
10/10;20;False;0.006231546401977539;0.0003742337226867676;0.007779121398925781;0.00036883952394234246;67.15096712112427;20;20;1.0;10;10;0;1.0;10;10;0;1.0;182060;65061;0.3573602109194771;154336;44920;7583;0.29105328633630523;27724;20141;109416;0.7264824700620401;51055;7886;43169;
10/10;20;True;0.006274700164794922;0.0003735542297363281;0.007498979568481445;0.0004992051293767967;90.88534021377563;20;20;1.0;10;10;0;1.0;10;10;0;1.0;182060;90105;0.4949192573876744;154336;75515;13134;0.48928960190752646;27724;14590;78821;0.5262588371086423;2437;402;2035;
10/10;25;False;0.0059278011322021484;0.0003591299057006836;0.007212638854980469;0.00035451650619506837;64.5433259010315;20;20;1.0;10;10;0;1.0;10;10;0;1.0;182060;60094;0.3300779962649676;154336;39462;7092;0.255688886585113;27724;20632;114874;0.7441927571778965;73027;11120;61907;
10/10;25;True;0.006058931350708008;0.000362706184387207;0.0072972774505615234;0.000498957054098792;90.84017133712769;20;20;1.0;10;10;0;1.0;10;10;0;1.0;182060;95157;0.5226683510930462;154336;82256;14823;0.532967032967033;27724;12901;72080;0.4653368922233444;20568;3119;17449;
10/10;30;False;0.005990505218505859;0.0003602027893066406;0.007228374481201172;0.00035476951589692257;64.5893862247467;20;20;1.0;10;10;0;1.0;10;10;0;1.0;182060;66940;0.36768098429089313;154336;47948;8732;0.3106728177482894;27724;18992;106388;0.6850382340210648;64175;9736;54439;
10/10;30;True;0.005905866622924805;0.00035412311553955077;0.0071218013763427734;0.00043900673119403444;79.9256112575531;20;20;1.0;10;10;0;1.0;10;10;0;1.0;182060;87428;0.4802153136328683;154336;72889;13185;0.4722747771096828;27724;14539;81447;0.5244192757177897;33237;5088;28149;
10/10;50;False;0.006056785583496094;0.00035272836685180665;0.007081270217895508;0.00035111501454442696;63.92404294013977;20;20;1.0;10;10;0;1.0;10;10;0;1.0;182060;44293;0.24328792705701416;154336;20120;3551;0.13036491810076717;27724;24173;134216;0.8719160294329823;144668;22237;122431;
10/10;50;True;0.0059566497802734375;0.00035125017166137695;0.007048845291137695;0.00035433429918956536;64.51014590263367;20;20;1.0;10;10;0;1.0;10;10;0;1.0;182060;44293;0.24328792705701416;154336;20120;3551;0.13036491810076717;27724;24173;134216;0.8719160294329823;144668;22237;122431;
10/10;100;False;0.005586385726928711;0.000307464599609375;0.0061833858489990234;0.0003091243561919962;56.27922773361206;20;20;1.0;10;10;0;1.0;10;10;0;1.0;182060;27770;0.15253213226408877;154336;55;9;0.0003563653327804271;27724;27715;154281;0.9996753715192613;181980;27712;154268;
10/10;100;True;0.005549430847167969;0.00031796693801879885;0.006392002105712891;0.0003065699039678397;55.81416606903076;20;20;1.0;10;10;0;1.0;10;10;0;1.0;182060;27770;0.15253213226408877;154336;55;9;0.0003563653327804271;27724;27715;154281;0.9996753715192613;181980;27712;154268;
20/20;1;False;0.04702472686767578;0.0008465766906738282;0.03392291069030762;0.0008386870893219805;152.674640417099;40;34;0.85;20;14;0;0.7;20;20;6;1.0;182040;65778;0.3613381674357284;154326;45851;7787;0.29710483003512045;27714;19927;108475;0.7190228765245003;73234;11349;61885;
20/20;1;True;0.023252487182617188;0.0013563215732574462;0.05429267883300781;0.0015349773843585462;279.42737579345703;40;37;0.925;20;18;1;0.9;20;19;2;0.95;182040;88167;0.48432762030323007;154326;72964;12511;0.4727913637365058;27714;15203;81362;0.5485675110052681;0;0;0;
20/20;2;False;0.016952991485595703;0.0006084382534027099;0.02438831329345703;0.000605850525149616;110.28907251358032;40;34;0.85;20;14;0;0.7;20;20;6;1.0;182040;66410;0.3648099318831026;154326;46903;8207;0.30392156862745096;27714;19507;107423;0.7038680811142383;65362;9972;55390;
20/20;2;True;0.017781496047973633;0.0008798122406005859;0.03524303436279297;0.0009720262656550281;176.9477241039276;40;36;0.9;20;18;2;0.9;20;18;2;0.9;182040;88814;0.4878817842232476;154326;73835;12735;0.4784352604227415;27714;14979;80491;0.5404849534531284;0;0;0;
20/20;3;False;0.015418291091918945;0.0005258500576019287;0.021074295043945312;0.0005192775080372176;94.52933144569397;40;35;0.875;20;15;0;0.75;20;20;5;1.0;182040;68818;0.3780377938914524;154326;49612;8508;0.3214753184816557;27714;19206;104714;0.6930071444035506;63456;9790;53666;
20/20;3;True;0.01597428321838379;0.0007083714008331299;0.02838611602783203;0.0007953817714468198;144.79136443138123;40;38;0.95;20;18;0;0.9;20;20;2;1.0;182040;92149;0.506201933640958;154326;78049;13614;0.5057410935292822;27714;14100;76277;0.5087681316302229;0;0;0;
20/20;4;False;0.01430058479309082;0.0004807412624359131;0.01928567886352539;0.00047860007526009615;87.12441062927246;40;37;0.925;20;17;0;0.85;20;20;3;1.0;182040;62312;0.34229839595693257;154326;41745;7147;0.27049881419851485;27714;20567;112581;0.7421158981020423;60658;9386;51272;
20/20;4;True;0.014538764953613281;0.000588303804397583;0.02358269691467285;0.0006983580248247422;127.12916088104248;40;37;0.925;20;19;2;0.95;20;18;1;0.9;182040;89531;0.49182047901560094;154326;74872;13055;0.48515480217202545;27714;14659;79454;0.5289384426643574;0;0;0;
20/20;5;False;0.013971805572509766;0.0004566013813018799;0.018307209014892578;0.0004520829720330537;82.29722738265991;40;36;0.9;20;16;0;0.8;20;20;4;1.0;182040;59446;0.32655460338387166;154326;38027;6295;0.24640695670204632;27714;21419;116299;0.7728584830771451;60471;9583;50888;
20/20;5;True;0.01422429084777832;0.0005314767360687256;0.02129840850830078;0.0006461268989522754;117.62100553512573;40;40;1.0;20;20;0;1.0;20;20;0;1.0;182040;83809;0.46038782685124147;154326;67774;11679;0.43916125604240375;27714;16035;86552;0.5785884390560727;0;0;0;
20/20;6;False;0.01368403434753418;0.00043619275093078615;0.01750016212463379;0.0004379426390489257;79.72312593460083;40;38;0.95;20;18;0;0.9;20;20;2;1.0;182040;67943;0.37323115798725554;154326;48632;8403;0.31512512473594856;27714;19311;105694;0.696795843256116;54608;8370;46238;
20/20;6;True;0.014123201370239258;0.00048235058784484863;0.01934337615966797;0.0005800235784857961;105.58754277229309;40;40;1.0;20;20;0;1.0;20;20;0;1.0;182040;88607;0.48674467150076905;154326;73570;12677;0.47671811619558596;27714;15037;80756;0.5425777585335931;0;0;0;
20/20;7;False;0.013029098510742188;0.000412064790725708;0.016527652740478516;0.0004223859118933312;76.89118552207947;40;38;0.95;20;18;0;0.9;20;20;2;1.0;182040;73179;0.40199406723796965;154326;54717;9252;0.35455464406516074;27714;18462;99609;0.6661615068196579;53820;8384;45436;
20/20;7;True;0.013298749923706055;0.0004537045955657959;0.018194913864135742;0.0005654253152354003;102.93008255958557;40;40;1.0;20;20;0;1.0;20;20;0;1.0;182040;93364;0.5128762909250714;154326;79215;13565;0.5132965281287664;27714;14149;75111;0.5105361910947536;0;0;0;
20/20;8;False;0.013015508651733398;0.00043001770973205566;0.017251014709472656;0.0004285729250994862;78.01746106147766;40;40;1.0;20;20;0;1.0;20;20;0;1.0;182040;82230;0.4517139090309822;154326;65474;10958;0.4242577401086013;27714;16756;88852;0.6046041711770225;52205;8053;44152;
20/20;8;True;0.013393163681030273;0.0004402518272399902;0.017651796340942383;0.0005577554862018837;101.53385496139526;40;40;1.0;20;20;0;1.0;20;20;0;1.0;182040;99655;0.5474346297517029;154326;86685;14744;0.5617005559659423;27714;12970;67641;0.46799451540737536;0;0;0;
20/20;9;False;0.01291799545288086;0.0004072308540344238;0.016335248947143555;0.0004129546248134847;75.17431688308716;40;39;0.975;20;19;0;0.95;20;20;1;1.0;182040;75185;0.41301362337947706;154326;57090;9619;0.36993118463512303;27714;18095;97236;0.6529191022587861;50382;7806;42576;
20/20;9;True;0.013041496276855469;0.0004269897937774658;0.017131328582763672;0.0005345508806576076;97.30968904495239;40;40;1.0;20;20;0;1.0;20;20;0;1.0;182040;87735;0.48195451549110085;154326;72259;12238;0.4682231121133186;27714;15476;82067;0.5584181280219384;0;0;0;
20/20;10;False;0.013207674026489258;0.00041277408599853515;0.016557693481445312;0.0004169644483810623;75.90426087379456;40;40;1.0;20;20;0;1.0;20;20;0;1.0;182040;79649;0.4375357064381455;154326;62947;11012;0.40788331195002786;27714;16702;91379;0.6026556974814173;46042;6876;39166;
20/20;10;True;0.012959957122802734;0.00041768550872802737;0.016760826110839844;0.0005210467693020396;94.8514051437378;40;40;1.0;20;20;0;1.0;20;20;0;1.0;182040;96552;0.5303889255108767;154326;83574;14736;0.5415419307180903;27714;12978;70752;0.4682831781770946;0;0;0;
20/20;20;False;0.012424230575561523;0.0003797948360443115;0.015245914459228516;0.00038697969596534213;70.44584059715271;40;40;1.0;20;20;0;1.0;20;20;0;1.0;182040;75948;0.41720500988793674;154326;57930;9696;0.37537420784572917;27714;18018;96396;0.6501407231002382;53847;8137;45710;
20/20;20;True;0.012633323669433594;0.000383526086807251;0.015382766723632812;0.0005239450847727994;95.37900686264038;40;40;1.0;20;20;0;1.0;20;20;0;1.0;182040;88901;0.4883597011645792;154326;73679;12492;0.47742441325505747;27714;15222;80647;0.5492530850833514;481;61;420;
20/20;25;False;0.012218713760375977;0.00037662386894226073;0.015108823776245117;0.0003687368817602873;67.12491130828857;40;40;1.0;20;20;0;1.0;20;20;0;1.0;182040;59391;0.3262524719841793;154326;37907;6230;0.245629381957674;27714;21484;116419;0.7752038680811142;65035;9958;55077;
20/20;25;True;0.011996984481811523;0.00036467909812927247;0.01464390754699707;0.0005244872080732298;95.47769546508789;40;40;1.0;20;20;0;1.0;20;20;0;1.0;182040;78452;0.43096022852120414;154326;61122;10384;0.3960576960460324;27714;17330;93204;0.6253157249043805;4539;666;3873;
20/20;30;False;0.01216268539428711;0.0003627955913543701;0.01455545425415039;0.0003678249451019716;66.95890045166016;40;40;1.0;20;20;0;1.0;20;20;0;1.0;182040;65270;0.3585475719622061;154326;45483;7927;0.29472026748571206;27714;19787;108843;0.713971278054413;78405;12106;66299;
20/20;30;True;0.012027263641357422;0.0003971219062805176;0.01593804359436035;0.0005422345506466501;98.70843434333801;40;40;1.0;20;20;0;1.0;20;20;0;1.0;182040;89821;0.49341353548670625;154326;75328;13221;0.4881095862006402;27714;14493;78998;0.5229486901926824;20954;3199;17755;
20/20;50;False;0.012689590454101562;0.00039731264114379884;0.015941381454467773;0.00035928541868499443;65.40437388420105;40;40;1.0;20;20;0;1.0;20;20;0;1.0;182040;50784;0.27897165458141066;154326;28135;5065;0.18230887860762282;27714;22649;126191;0.8172403839214837;129660;19797;109863;
20/20;50;True;0.011916399002075195;0.0003574669361114502;0.014349937438964844;0.0003771731065566973;68.66063785552979;40;40;1.0;20;20;0;1.0;20;20;0;1.0;182040;51078;0.2805866842452208;154326;28484;5120;0.18457032515583893;27714;22594;125842;0.8152558273796637;124715;19111;105604;
20/20;100;False;0.012500524520874023;0.0003239750862121582;0.013257265090942383;0.0003226187681790316;58.72957468032837;40;40;1.0;20;20;0;1.0;20;20;0;1.0;182040;27882;0.1531641397495056;154326;201;33;0.001302437696823607;27714;27681;154125;0.9988092660749079;181700;27664;154036;
20/20;100;True;0.011155366897583008;0.0003218233585357666;0.012920379638671875;0.00032259583656564175;58.72539401054382;40;40;1.0;20;20;0;1.0;20;20;0;1.0;182040;27882;0.1531641397495056;154326;201;33;0.001302437696823607;27714;27681;154125;0.9988092660749079;181700;27664;154036;
30/30;1;False;0.08142948150634766;0.00100709597269694;0.06049346923828125;0.0008789611850357516;159.98859238624573;60;50;0.8333333333333334;30;20;0;0.6666666666666666;30;30;10;1.0;182020;60301;0.33128777057466213;154316;39403;6806;0.25533969257886413;27704;20898;114913;0.7543315044758879;80243;12090;68153;
30/30;1;True;0.03826546669006348;0.0016540924708048502;0.09933209419250488;0.0018105653062939263;329.55915451049805;60;55;0.9166666666666666;30;28;3;0.9333333333333333;30;27;2;0.9;182020;89868;0.49372596417976045;154316;74991;12827;0.48595738614272016;27704;14877;79325;0.5369982673982097;0;0;0;
30/30;2;False;0.027037858963012695;0.0006206671396891277;0.03728485107421875;0.0006373632937889153;116.01290440559387;60;51;0.85;30;21;0;0.7;30;30;9;1.0;182020;64723;0.355581804197341;154316;45022;8003;0.2917519894242982;27704;19701;109294;0.7111247473289056;75494;11268;64226;
30/30;2;True;0.02846503257751465;0.00135879119237264;0.08158063888549805;0.0011228643450261787;204.38386058807373;60;57;0.95;30;28;1;0.9333333333333333;30;29;2;0.9666666666666667;182020;94248;0.5177892539281398;154316;80565;14021;0.5220780735633376;27704;13683;73751;0.49389979786312443;0;0;0;
30/30;3;False;0.024379491806030273;0.0005446672439575195;0.0327303409576416;0.0005514918729612138;100.38259625434875;60;54;0.9;30;24;0;0.8;30;30;6;1.0;182020;71572;0.39320953741347103;154316;52943;9075;0.34308172840146195;27704;18629;101373;0.6724299740109732;69013;10566;58447;
30/30;3;True;0.02464914321899414;0.00073853333791097;0.04436349868774414;0.0009093600411347512;165.5218369960785;60;58;0.9666666666666667;30;28;0;0.9333333333333333;30;30;2;1.0;182020;96257;0.5288265025821338;154316;82986;14433;0.5377666606184712;27704;13271;71330;0.4790282991625758;0;0;0;
30/30;4;False;0.02275991439819336;0.0004954179128011068;0.02977895736694336;0.0005220644762982065;95.02622509002686;60;55;0.9166666666666666;30;25;0;0.8333333333333334;30;30;5;1.0;182020;64984;0.35701571255905945;154316;45064;7784;0.2920241582207937;27704;19920;109252;0.7190297429974011;72966;10997;61969;
30/30;4;True;0.023520469665527344;0.0006815115610758464;0.040955543518066406;0.0008018584215251996;145.95435976982117;60;57;0.95;30;29;2;0.9666666666666667;30;28;1;0.9333333333333333;182020;95936;0.5270629601142731;154316;82592;14360;0.5352134580989658;27704;13344;71724;0.481663297718741;0;0;0;
30/30;5;False;0.02149820327758789;0.00048017104466756185;0.028863191604614258;0.0004840937489638576;88.11480164527893;60;55;0.9166666666666666;30;25;0;0.8333333333333334;30;30;5;1.0;182020;68363;0.3755796066366333;154316;48742;8083;0.3158583685424713;27704;19621;105574;0.7082370776783136;68745;10783;57962;
30/30;5;True;0.023035287857055664;0.0005597710609436035;0.0336453914642334;0.0007104962661415387;129.32456755638123;60;59;0.9833333333333333;30;30;1;1.0;30;29;0;0.9666666666666667;182020;96536;0.530359301175695;154316;83152;14320;0.5388423753855724;27704;13384;71164;0.483107132544037;0;0;0;
30/30;6;False;0.02027297019958496;0.0004422307014465332;0.026872634887695312;0.00045722183873661006;83.22356796264648;60;58;0.9666666666666667;30;28;0;0.9333333333333333;30;30;2;1.0;182020;78403;0.43073838039775847;154316;61476;10777;0.3983773555561316;27704;16927;92840;0.610994802194629;60202;9107;51095;
30/30;6;True;0.020856380462646484;0.0005122184753417969;0.030792951583862305;0.0006420395568417607;116.86409449577332;60;59;0.9833333333333333;30;30;1;1.0;30;29;0;0.9666666666666667;182020;100304;0.551060323041424;154316;88004;15404;0.5702843515902434;27704;12300;66312;0.4439792087785157;0;0;0;
30/30;7;False;0.020557641983032227;0.00044249296188354493;0.026601314544677734;0.00044363540367115564;80.75056290626526;60;58;0.9666666666666667;30;28;0;0.9333333333333333;30;30;2;1.0;182020;80740;0.4435776288319965;154316;63982;10946;0.41461676041369655;27704;16758;90334;0.6048946000577534;55939;8680;47259;
30/30;7;True;0.020459890365600586;0.0005184412002563477;0.031153440475463867;0.0005913269269624892;107.63338208198547;60;58;0.9666666666666667;30;30;2;1.0;30;28;0;0.9333333333333333;182020;101805;0.5593066695967476;154316;89503;15402;0.5799981855413567;27704;12302;64813;0.44405140051978054;0;0;0;
30/30;8;False;0.02005743980407715;0.00042904218037923176;0.025795698165893555;0.00042787084421238105;77.88110780715942;60;59;0.9833333333333333;30;29;0;0.9666666666666667;30;30;1;1.0;182020;81833;0.44958246346555325;154316;64834;10705;0.42013789885689107;27704;16999;89482;0.6135937048801617;55945;8677;47268;
30/30;8;True;0.020390748977661133;0.00046730836232503254;0.028088092803955078;0.0005660154939732595;103.02617883682251;60;59;0.9833333333333333;30;30;1;1.0;30;29;0;0.9666666666666667;182020;103862;0.5706076255356555;154316;91649;15491;0.5939047150003888;27704;12213;62667;0.440838868033497;0;0;0;
30/30;9;False;0.019286155700683594;0.0004100759824117025;0.024653911590576172;0.00042158221428295557;76.7364444732666;60;58;0.9666666666666667;30;28;0;0.9333333333333333;30;30;2;1.0;182020;76287;0.4191132842544775;154316;58520;9937;0.37922185645040046;27704;17767;95796;0.6413153335258447;51890;8029;43861;
30/30;9;True;0.019805192947387695;0.0004542708396911621;0.027303218841552734;0.0005325100092085727;96.92751455307007;60;60;1.0;30;30;0;1.0;30;30;0;1.0;182020;94586;0.519646192726074;154316;80847;13965;0.5239054926255217;27704;13739;73469;0.49592116661853886;0;0;0;
30/30;10;False;0.019210338592529297;0.0003929893175760905;0.023616313934326172;0.00040070413822735317;72.93621397018433;60;60;1.0;30;30;0;1.0;30;30;0;1.0;182020;79295;0.43563894077573895;154316;62035;10444;0.4019997926332979;27704;17260;92281;0.623014727115218;49025;7406;41619;
30/30;10;True;0.019860267639160156;0.00041659275690714517;0.025040149688720703;0.0005112732600254117;93.06200981140137;60;60;1.0;30;30;0;1.0;30;30;0;1.0;182020;98664;0.5420503241402044;154316;85770;14810;0.5558075637004588;27704;12894;68546;0.46542015593416114;0;0;0;
30/30;20;False;0.018973350524902344;0.0003758072853088379;0.02258467674255371;0.0003805612511797772;69.2698028087616;60;60;1.0;30;30;0;1.0;30;30;0;1.0;182020;78050;0.42879903307328865;154316;60629;10283;0.3928886181601389;27704;17421;93687;0.6288261622870344;52507;7898;44609;
30/30;20;True;0.018674135208129883;0.0003876209259033203;0.02332448959350586;0.0005100120123815123;92.83244013786316;60;60;1.0;30;30;0;1.0;30;30;0;1.0;182020;89251;0.49033622678826505;154316;74043;12496;0.4798141475932502;27704;15208;80273;0.548946000577534;79;11;68;
30/30;25;False;0.018229007720947266;0.0003650983174641927;0.021958112716674805;0.00037116881137810593;67.5601863861084;60;60;1.0;30;30;0;1.0;30;30;0;1.0;182020;71051;0.3903472145918031;154316;52045;8698;0.33726250032401045;27704;19006;102271;0.6860381172393878;63873;9859;54014;
30/30;25;True;0.0188295841217041;0.00038572549819946287;0.02318286895751953;0.000537571666293348;97.84883952140808;60;60;1.0;30;30;0;1.0;30;30;0;1.0;182020;84412;0.46375123612789804;154316;68326;11618;0.44276679022266;27704;16086;85990;0.5806381749927808;4270;625;3645;
30/30;30;False;0.017809629440307617;0.00035713513692220054;0.0214841365814209;0.0003761440787311701;68.4658055305481;60;60;1.0;30;30;0;1.0;30;30;0;1.0;182020;73037;0.4012581035051093;154316;54829;9496;0.3553034034059981;27704;18208;99487;0.6572336124747329;71848;11024;60824;
30/30;30;True;0.01842975616455078;0.00036853949228922526;0.022176027297973633;0.000552722498972643;100.60659790039062;60;60;1.0;30;30;0;1.0;30;30;0;1.0;182020;87998;0.48345236787166246;154316;73094;12800;0.4736644288343399;27704;14904;81222;0.5379728559052844;8226;1229;6997;
30/30;50;False;0.01749444007873535;0.0003674149513244629;0.02209186553955078;0.0003598624985894716;65.50222682952881;60;60;1.0;30;30;0;1.0;30;30;0;1.0;182020;52519;0.2885342270080211;154316;30130;5315;0.19524871043832137;27704;22389;124186;0.8081504475887958;116846;17886;98960;
30/30;50;True;0.019094467163085938;0.00037140846252441405;0.022324800491333008;0.0003822920230990805;69.58485269546509;60;60;1.0;30;30;0;1.0;30;30;0;1.0;182020;53071;0.29156686078452915;154316;30775;5408;0.19942844552735944;27704;22296;123541;0.8047935316199827;108766;16743;92023;
30/30;100;False;0.016705989837646484;0.0003138144810994466;0.018880367279052734;0.0003214557804048566;58.51142477989197;60;60;1.0;30;30;0;1.0;30;30;0;1.0;182020;27907;0.15331831666849796;154316;238;35;0.0015422898468078487;27704;27669;154078;0.998736644527866;181606;27642;153964;
30/30;100;True;0.017469406127929688;0.00033902327219645183;0.020385265350341797;0.00031882055171727217;58.031763315200806;60;60;1.0;30;30;0;1.0;30;30;0;1.0;182020;27907;0.15331831666849796;154316;238;35;0.0015422898468078487;27704;27669;154078;0.998736644527866;181606;27642;153964;
50/50;1;False;0.10491800308227539;0.0008700299263000488;0.08704996109008789;0.0008615725498197366;156.7890431880951;100;76;0.76;50;26;0;0.52;50;50;24;1.0;181980;61159;0.33607539290031874;154296;40581;7106;0.26300746616892207;27684;20578;113715;0.7433174396763473;88475;13260;75215;
50/50;1;True;0.0602574348449707;0.0018876242637634278;0.1888275146484375;0.0019828930963905504;360.8470137119293;100;85;0.85;50;44;9;0.88;50;41;6;0.82;181980;98545;0.541515551159468;154296;85431;14570;0.553682532275626;27684;13114;68865;0.4737032220777344;0;0;0;
50/50;2;False;0.04469156265258789;0.0006469535827636719;0.06475353240966797;0.0006179799718088548;112.46005439758301;100;76;0.76;50;26;0;0.52;50;50;24;1.0;181980;63764;0.35039015276404;154296;43355;7275;0.28098589723648054;27684;20409;110941;0.7372128305158214;88471;13464;75007;
50/50;2;True;0.04731345176696777;0.001149280071258545;0.11499261856079102;0.0012379600918152815;225.28406596183777;100;85;0.85;50;43;8;0.86;50;42;7;0.84;181980;101430;0.5573689416419386;154296;88802;15056;0.5755301498418623;27684;12628;65494;0.45614795549776044;0;0;0;
50/50;3;False;0.03938889503479004;0.0005424213409423828;0.054288387298583984;0.0005381110985602163;97.92550110816956;100;82;0.82;50;32;0;0.64;50;50;18;1.0;181980;74042;0.40686888669084514;154296;55494;9136;0.3596593560429305;27684;18548;98802;0.6699898858546453;78598;12209;66389;
50/50;3;True;0.04461336135864258;0.0009447550773620606;0.09454202651977539;0.000976956372785626;177.78660821914673;100;88;0.88;50;45;7;0.9;50;43;5;0.86;181980;101519;0.5578580063743268;154296;88923;15088;0.5763143568206563;27684;12596;65373;0.454992053171507;0;0;0;
50/50;4;False;0.03682684898376465;0.0004985928535461426;0.04993581771850586;0.0004960450160266253;90.27032375335693;100;82;0.82;50;32;0;0.64;50;50;18;1.0;181980;67380;0.37026046818331687;154296;47703;8007;0.3091655000777726;27684;19677;106593;0.7107715648027741;84442;12890;71552;
50/50;4;True;0.03749227523803711;0.0007586431503295898;0.07591557502746582;0.000845744114863321;153.9085783958435;100;85;0.85;50;43;8;0.86;50;42;7;0.84;181980;102961;0.5657819540608858;154296;90796;15519;0.5884533623684347;27684;12165;63500;0.4394234937147811;0;0;0;
50/50;5;False;0.03633236885070801;0.0005295014381408691;0.05300450325012207;0.00047550780627213674;86.53297066688538;100;87;0.87;50;37;0;0.74;50;50;13;1.0;181980;71126;0.3908451478184416;154296;52025;8583;0.33717659563436514;27684;19101;102271;0.6899653229302124;72991;11399;61592;
50/50;5;True;0.03742194175720215;0.0006630706787109375;0.06635904312133789;0.0007530276677623949;137.03604364395142;100;91;0.91;50;47;6;0.94;50;44;3;0.88;181980;100784;0.5538191010001099;154296;88203;15103;0.5716480012443614;27684;12581;66093;0.4544502239560757;0;0;0;
50/50;6;False;0.06634902954101562;0.0004621434211730957;0.04626965522766113;0.0004508987509663229;82.05460000038147;100;88;0.88;50;38;0;0.76;50;50;12;1.0;181980;74013;0.40670952851961756;154296;55777;9448;0.36149349302639083;27684;18236;98519;0.6587198381736743;72740;11152;61588;
50/50;6;True;0.035199642181396484;0.0006054258346557618;0.06089472770690918;0.0006832983208457275;124.34667563438416;100;88;0.88;50;44;6;0.88;50;44;6;0.88;181980;97525;0.5359105396197384;154296;84523;14682;0.5477977394099652;27684;13002;69773;0.4696575639358474;0;0;0;
50/50;7;False;0.03392958641052246;0.00043704032897949217;0.043749332427978516;0.0004288420492193832;78.04075241088867;100;91;0.91;50;41;0;0.82;50;50;9;1.0;181980;77249;0.42449170238487743;154296;59518;9953;0.38573909887488983;27684;17731;94778;0.6404782545874873;68595;10516;58079;
50/50;7;True;0.03640627861022949;0.0005448460578918457;0.05453324317932129;0.0006344601012465849;115.45910143852234;100;89;0.89;50;46;7;0.92;50;43;4;0.86;181980;100795;0.5538795472029894;154296;88119;15008;0.5711035930937938;27684;12676;66177;0.4578818089871406;0;0;0;
50/50;8;False;0.032720327377319336;0.0004274487495422363;0.04279637336730957;0.0004219093955811701;76.77911758422852;100;92;0.92;50;42;0;0.84;50;50;8;1.0;181980;76179;0.418611935377514;154296;57426;8931;0.3721807435059885;27684;18753;96870;0.6773948851322064;72287;11387;60900;
50/50;8;True;0.03288388252258301;0.0005266690254211426;0.0527040958404541;0.0006121251160973493;111.39457821846008;100;92;0.92;50;48;6;0.96;50;44;2;0.88;181980;104727;0.5754863171777118;154296;92550;15507;0.599821123036242;27684;12177;61746;0.43985695708712613;0;0;0;
50/50;9;False;0.03214740753173828;0.000409696102142334;0.04102301597595215;0.00041112383848652105;74.81637048721313;100;91;0.91;50;41;0;0.82;50;50;9;1.0;181980;78300;0.43026706231454004;154296;60843;10227;0.39432648934515474;27684;17457;93453;0.6305808409189424;63909;10018;53891;
50/50;9;True;0.03229188919067383;0.0004898309707641602;0.04902791976928711;0.0005757367601760444;104.77263760566711;100;92;0.92;50;45;3;0.9;50;47;5;0.94;181980;99649;0.5475821518848225;154296;86887;14922;0.5631189402188003;27684;12762;67409;0.4609882964889467;0;0;0;
50/50;10;False;0.0328829288482666;0.0004123210906982422;0.04127669334411621;0.0004031045880471236;73.35702443122864;100;95;0.95;50;45;0;0.9;50;50;5;1.0;181980;79358;0.4360808880096714;154296;62085;10411;0.4023759527142635;27684;17273;92211;0.6239344025429852;67772;10595;57177;
50/50;10;True;0.03208184242248535;0.0004512763023376465;0.045188188552856445;0.0005710331315928232;103.91665983200073;100;99;0.99;50;49;0;0.98;50;50;1;1.0;181980;101297;0.5566380920980327;154296;89042;15429;0.5770856017006274;27684;12255;65254;0.4426744690073689;0;0;0;
50/50;20;False;0.031081676483154297;0.00038929462432861327;0.038979530334472656;0.0003809006021027775;69.31633496284485;100;98;0.98;50;48;0;0.96;50;50;2;1.0;181980;78877;0.43343774041103417;154296;61406;10213;0.3979753201638409;27684;17471;92890;0.6310865481866782;64378;9998;54380;
50/50;20;True;0.03034520149230957;0.0003906965255737305;0.039113759994506836;0.0005321460708784184;96.83999586105347;100;98;0.98;50;48;0;0.96;50;50;2;1.0;181980;97003;0.5330420925376415;154296;83638;14319;0.5420620106807694;27684;13365;70658;0.4827698309492848;104;12;92;
50/50;25;False;0.030232667922973633;0.0003602480888366699;0.03606677055358887;0.00036566885425069984;66.54447317123413;100;97;0.97;50;47;0;0.94;50;50;3;1.0;181980;67670;0.3718540498955929;154296;47689;7703;0.3090747653860113;27684;19981;106607;0.7217526369021817;72806;11267;61539;
50/50;25;True;0.029806137084960938;0.0003875446319580078;0.038814544677734375;0.0005597526836636329;101.8638391494751;100;99;0.99;50;49;0;0.98;50;50;1;1.0;181980;86400;0.47477744807121663;154296;70648;11932;0.45787317882511536;27684;15752;83648;0.5689929200982518;336;64;272;
50/50;30;False;0.031084537506103516;0.00036693334579467773;0.03673887252807617;0.0003689866509329082;67.14823794364929;100;99;0.99;50;49;0;0.98;50;50;1;1.0;181980;68296;0.37529398835036815;154296;49143;8531;0.3184982112303624;27684;19153;105153;0.6918436642103742;80235;12320;67915;
50/50;30;True;0.0308837890625;0.00038312673568725587;0.03836464881896973;0.0006071254832100797;110.48475003242493;100;99;0.99;50;49;0;0.98;50;50;1;1.0;181980;84366;0.4636003956478734;154296;68744;12062;0.4455332607455799;27684;15622;85552;0.5642970668978471;5940;905;5035;
50/50;50;False;0.030100584030151367;0.0003629779815673828;0.03634762763977051;0.00037049133052589054;67.42206740379333;100;99;0.99;50;49;0;0.98;50;50;1;1.0;181980;46699;0.25661611166062204;154296;22975;3960;0.14890211022968838;27684;23724;131321;0.8569570871261378;116175;17598;98577;
50/50;50;True;0.03048110008239746;0.0003722238540649414;0.03727579116821289;0.00042146816268335635;76.69883489608765;100;100;1.0;50;50;0;1.0;50;50;0;1.0;181980;49881;0.27410154962083744;154296;26952;4755;0.17467724373930626;27684;22929;127344;0.8282401387082792;102091;15484;86607;
50/50;100;False;0.02859044075012207;0.00032499074935913084;0.032557010650634766;0.0003256511185140135;59.26204967498779;100;100;1.0;50;50;0;1.0;50;50;0;1.0;181980;27943;0.15354984064182878;154296;306;47;0.0019832011199253383;27684;27637;153990;0.9983022684583153;181227;27570;153657;
50/50;100;True;0.028328418731689453;0.00032100439071655276;0.03215289115905762;0.00033014884478758423;60.08053374290466;100;100;1.0;50;50;0;1.0;50;50;0;1.0;181980;27943;0.15354984064182878;154296;306;47;0.0019832011199253383;27684;27637;153990;0.9983022684583153;181227;27570;153657;
75/75;1;False;0.19409728050231934;0.001172326405843099;0.17590951919555664;0.000893075703486873;162.4773247241974;150;98;0.6533333333333333;75;23;0;0.30666666666666664;75;75;52;1.0;181930;48838;0.2684439069971967;154271;25491;4312;0.16523520298695155;27659;23347;128780;0.8441013774901479;132778;19955;112823;
75/75;1;True;0.09148406982421875;0.002491313616434733;0.3737907409667969;0.0026133790729346365;475.4522454738617;150;116;0.7733333333333333;75;63;22;0.84;75;53;12;0.7066666666666667;181930;104348;0.5735612598252074;154271;92036;15347;0.5965865263076016;27659;12312;62235;0.44513539896597853;0;0;0;
75/75;2;False;0.06294798851013184;0.0006040159861246745;0.09069085121154785;0.0006163289349998969;112.12882423400879;150;102;0.68;75;27;0;0.36;75;75;48;1.0;181930;53807;0.2957566096850437;154271;30989;4841;0.20087378703709705;27659;22818;123282;0.8249755956469865;127034;19516;107518;
75/75;2;True;0.06922006607055664;0.001553505261739095;0.23307061195373535;0.0016075867080625572;292.4682939052582;150;116;0.7733333333333333;75;61;20;0.8133333333333334;75;55;14;0.7333333333333333;181930;104495;0.5743692629033145;154271;92014;15178;0.5964439201146036;27659;12481;62257;0.4512455258686142;0;0;0;
75/75;3;False;0.05853629112243652;0.0005424833297729493;0.08141732215881348;0.0005456182278251658;99.2643666267395;150;114;0.76;75;39;0;0.52;75;75;36;1.0;181930;68327;0.37556752597152754;154271;48451;7783;0.3140642116794472;27659;19876;105820;0.718608771105246;105529;16475;89054;
75/75;3;True;0.05862736701965332;0.0011083412170410157;0.16634893417358398;0.0011509909242176993;209.39991188049316;150;122;0.8133333333333334;75;64;17;0.8533333333333334;75;58;11;0.7733333333333333;181930;105776;0.5814104325839609;154271;93768;15651;0.607813522956356;27659;12008;60503;0.4341444014606457;0;0;0;
75/75;4;False;0.05421328544616699;0.0005243110656738281;0.07869195938110352;0.0004955221570973765;90.15039587020874;150;113;0.7533333333333333;75;38;0;0.5066666666666667;75;75;37;1.0;181930;59940;0.32946737756279887;154271;38468;6187;0.24935341055674753;27659;21472;115803;0.7763115080082432;113192;17406;95786;
75/75;4;True;0.05574202537536621;0.0009368244806925456;0.1405811309814453;0.001025151046631735;186.50579500198364;150;116;0.7733333333333333;75;59;18;0.7866666666666666;75;57;16;0.76;181930;104535;0.5745891276864729;154271;92090;15214;0.5969365596904149;27659;12445;62181;0.44994396037456164;0;0;0;
75/75;5;False;0.05305957794189453;0.0004878536860148112;0.07324934005737305;0.00046807448453666786;85.15684294700623;150;123;0.82;75;48;0;0.64;75;75;27;1.0;181930;70096;0.3852910460067059;154271;50772;8335;0.32910916504074;27659;19324;103499;0.6986514335297733;96992;14969;82023;
75/75;5;True;0.05337858200073242;0.0007565037409464518;0.1135258674621582;0.0008845202979041333;160.9208481311798;150;127;0.8466666666666667;75;65;13;0.8666666666666667;75;62;10;0.8266666666666667;181930;104332;0.5734733139119441;154271;92104;15431;0.5970273090859591;27659;12228;62167;0.4420984128131892;0;0;0;
75/75;6;False;0.0503847599029541;0.00043824036916097003;0.06578660011291504;0.00043925934585397675;79.91450834274292;150;125;0.8333333333333334;75;50;0;0.6666666666666666;75;75;25;1.0;181930;68282;0.37532017809047435;154271;48488;7865;0.3143040493676712;27659;19794;105783;0.7156440941465707;98799;15382;83417;
75/75;6;True;0.05278134346008301;0.0006951999664306641;0.10433125495910645;0.00077235335168297;140.5142900943756;150;128;0.8533333333333334;75;63;10;0.84;75;65;12;0.8666666666666667;181930;96480;0.5303138569779585;154271;82681;13860;0.5359464837850276;27659;13799;71590;0.49889728478976103;0;0;0;
75/75;7;False;0.04985475540161133;0.0004336245854695638;0.06508731842041016;0.0004277156314442027;77.8143515586853;150;131;0.8733333333333333;75;56;0;0.7466666666666667;75;75;19;1.0;181930;70942;0.38994118617050516;154271;51770;8487;0.33557830052310544;27659;19172;102501;0.6931559347771069;92990;14401;78589;
75/75;7;True;0.04999423027038574;0.0006795088450113932;0.10197281837463379;0.0007145510179570711;129.99831247329712;150;133;0.8866666666666667;75;68;10;0.9066666666666666;75;65;7;0.8666666666666667;181930;101866;0.5599186500302314;154271;89184;14977;0.5780995780153108;27659;12682;65087;0.4585125998770744;0;0;0;
75/75;8;False;0.04847097396850586;0.00041464646657307945;0.06224703788757324;0.0004182551198458322;76.09320425987244;150;125;0.8333333333333334;75;50;0;0.6666666666666666;75;75;25;1.0;181930;69880;0.38410377617765074;154271;50110;7889;0.3248180150514355;27659;19770;104161;0.7147763838172023;97900;15359;82541;
75/75;8;True;0.04938316345214844;0.0006141503651936849;0.0921788215637207;0.0007077256901821282;128.75658869743347;150;130;0.8666666666666667;75;67;12;0.8933333333333333;75;63;8;0.84;181930;104679;0.575380640905843;154271;92160;15140;0.597390306668136;27659;12519;62111;0.4526194005567808;0;0;0;
75/75;9;False;0.049137115478515625;0.00041829427083333334;0.06279253959655762;0.000414289736481711;75.3717885017395;150;129;0.86;75;54;0;0.72;75;75;21;1.0;181930;72846;0.40040674984884295;154271;54084;8897;0.35057787918662614;27659;18762;100187;0.6783325499837304;84857;13318;71539;
75/75;9;True;0.04844927787780762;0.0005763387680053711;0.08649516105651855;0.0006644481614798034;120.8830988407135;150;131;0.8733333333333333;75;65;9;0.8666666666666667;75;66;10;0.88;181930;100779;0.553943824547903;154271;87891;14771;0.5697182231268353;27659;12888;66380;0.4659604468708196;0;0;0;
75/75;10;False;0.048232316970825195;0.0004156827926635742;0.06271648406982422;0.00040765304677608166;74.16436862945557;150;132;0.88;75;57;0;0.76;75;75;18;1.0;181930;75119;0.41290056615181664;154271;56681;9221;0.3674118920600761;27659;18438;97590;0.6666184605372573;87024;13656;73368;
75/75;10;True;0.04739880561828613;0.0005156167348225911;0.07740616798400879;0.0006415130503265577;116.7105233669281;150;136;0.9066666666666666;75;68;7;0.9066666666666666;75;68;7;0.9066666666666666;181930;103891;0.5710493046776233;154271;91842;15610;0.5953289989693461;27659;12049;62429;0.43562673993998335;0;0;0;
75/75;20;False;0.046045780181884766;0.00038293838500976564;0.05748701095581055;0.00037896389133795354;68.94495153427124;150;147;0.98;75;72;0;0.96;75;75;3;1.0;181930;75311;0.41395591711097673;154271;57132;9480;0.3703353190165358;27659;18179;97139;0.6572544198994902;69500;10746;58754;
75/75;20;True;0.04610419273376465;0.00040194352467854815;0.06034255027770996;0.0005406366398170298;98.358074426651;150;145;0.9666666666666667;75;73;3;0.9733333333333334;75;72;2;0.96;181930;99605;0.5474907931622053;154271;86515;14569;0.5607988539647762;27659;13090;67756;0.4732636754763368;10;1;9;
75/75;25;False;0.04399228096008301;0.0003577438990275065;0.05370283126831055;0.00036441934499917256;66.29885220527649;150;147;0.98;75;72;0;0.96;75;75;3;1.0;181930;73849;0.4059198592865388;154271;55230;9040;0.35800636542188746;27659;18619;99041;0.6731624426045771;71979;11114;60865;
75/75;25;True;0.045233726501464844;0.00038312435150146486;0.05751657485961914;0.0005848744398737821;106.40626096725464;150;149;0.9933333333333333;75;74;0;0.9866666666666667;75;75;1;1.0;181930;93695;0.5150057714505579;154271;79467;13431;0.515113015407951;27659;14228;74804;0.5144076069272208;451;70;381;
75/75;30;False;0.0448300838470459;0.0003626871109008789;0.05445456504821777;0.0003711076656352666;67.51602292060852;150;148;0.9866666666666667;75;73;0;0.9733333333333334;75;75;2;1.0;181930;67451;0.3707524872203595;154271;47891;8099;0.31043423585767904;27659;19560;106380;0.707183918435229;80268;12128;68140;
75/75;30;True;0.04638481140136719;0.0003792142868041992;0.056920528411865234;0.0006154702755916454;111.97255539894104;150;149;0.9933333333333333;75;74;0;0.9866666666666667;75;75;1;1.0;181930;91833;0.5047710657945363;154271;77527;13353;0.5025377420253969;27659;14306;76744;0.5172276654976681;1107;153;954;
75/75;50;False;0.04504704475402832;0.0003567822774251302;0.053559303283691406;0.0003583866302434879;65.20132946968079;150;149;0.9933333333333333;75;74;0;0.9866666666666667;75;75;1;1.0;181930;54010;0.2968724234595724;154271;31708;5357;0.20553441670826014;27659;22302;122563;0.8063198235655663;106534;16111;90423;
75/75;50;True;0.04412722587585449;0.00035600662231445314;0.053444623947143555;0.00044106873227261345;80.24367642402649;150;150;1.0;75;75;0;1.0;75;75;0;1.0;181930;63220;0.3474962897817842;154271;43128;7567;0.27955999507360424;27659;20092;111143;0.7264181640695614;77477;11655;65822;
75/75;100;False;0.05052804946899414;0.0003242905934651693;0.04868912696838379;0.00033515054921559237;60.97398138046265;150;150;1.0;75;75;0;1.0;75;75;0;1.0;181930;28075;0.15431759467927225;154271;487;71;0.003156782545001977;27659;27588;153784;0.9974330236089519;180800;27504;153296;
75/75;100;True;0.042525529861450195;0.0003255653381347656;0.04888558387756348;0.0003381393337527581;61.51773428916931;150;150;1.0;75;75;0;1.0;75;75;0;1.0;181930;28075;0.15431759467927225;154271;487;71;0.003156782545001977;27659;27588;153784;0.9974330236089519;180800;27504;153296;
86/14;1;False;0.12429594993591309;0.0008850073814392089;0.08854103088378906;0.0008817978240144241;160.469624042511;100;88;0.88;86;74;0;0.8604651162790697;14;14;12;1.0;181980;122855;0.6751016595230245;154260;116167;21032;0.7530597692207961;27720;6688;38093;0.24126984126984127;43701;6470;37231;
86/14;1;True;0.06016850471496582;0.0012155771255493164;0.12162375450134277;0.001211734931145884;220.51164531707764;100;88;0.88;86;86;12;1.0;14;2;0;0.14285714285714285;181980;153616;0.8441367183206946;154260;153398;27502;0.9944120316349021;27720;218;862;0.007864357864357864;0;0;0;
86/14;2;False;0.04358720779418945;0.0006173944473266601;0.06178545951843262;0.0006129868516084558;111.55141067504883;100;90;0.9;86;76;0;0.8837209302325582;14;14;10;1.0;181980;128890;0.7082646444664249;154260;122953;21783;0.7970504343316479;27720;5937;31307;0.2141774891774892;35671;5660;30011;
86/14;2;True;0.04537081718444824;0.0007965564727783203;0.07971858978271484;0.000820184680233553;149.25730061531067;100;90;0.9;86;86;10;1.0;14;4;0;0.2857142857142857;181980;153241;0.8420760523134411;154260;152964;27443;0.9915985997666278;27720;277;1296;0.009992784992784992;0;0;0;
86/14;3;False;0.03949928283691406;0.0005312013626098633;0.05317234992980957;0.0005692768429698414;103.59705448150635;100;90;0.9;86;76;0;0.8837209302325582;14;14;10;1.0;181980;126963;0.697675568743818;154260;120719;21476;0.7825683910281344;27720;6244;33541;0.22525252525252526;38248;5984;32264;
86/14;3;True;0.04152345657348633;0.0006887483596801758;0.06891965866088867;0.0006951246553495018;126.49882507324219;100;91;0.91;86;86;9;1.0;14;5;0;0.35714285714285715;181980;153243;0.8420870425321464;154260;152983;27460;0.9917217684428886;27720;260;1277;0.00937950937950938;0;0;0;
86/14;4;False;0.03697538375854492;0.0005100870132446289;0.05106043815612793;0.0005043265478652131;91.77773141860962;100;92;0.92;86;78;0;0.9069767441860465;14;14;8;1.0;181980;128264;0.7048247060116496;154260;122114;21570;0.7916115648904447;27720;6150;32146;0.22186147186147187;36027;5761;30266;
86/14;4;True;0.037879228591918945;0.0005836868286132812;0.0584104061126709;0.000612495441805702;111.46198678016663;100;90;0.9;86;86;10;1.0;14;4;0;0.2857142857142857;181980;152769;0.8394823606989779;154260;152380;27331;0.9878127836120835;27720;389;1880;0.014033189033189033;0;0;0;
86/14;5;False;0.035674333572387695;0.0004594230651855469;0.045990943908691406;0.0004724679235338261;85.97975897789001;100;94;0.94;86;80;0;0.9302325581395349;14;14;6;1.0;181980;126271;0.6938729530717661;154260;119762;21211;0.7763645792817322;27720;6509;34498;0.2348124098124098;37897;5995;31902;
86/14;5;True;0.03692913055419922;0.0005548620223999024;0.05553126335144043;0.0005954157678566604;108.35382127761841;100;92;0.92;86;86;8;1.0;14;6;0;0.42857142857142855;181980;152130;0.8359709858226179;154260;151608;27198;0.9828082458187476;27720;522;2652;0.01883116883116883;0;0;0;
86/14;6;False;0.03351116180419922;0.00044023513793945313;0.04407477378845215;0.0004678038898857495;85.13099598884583;100;97;0.97;86;83;0;0.9651162790697675;14;14;3;1.0;181980;136981;0.7527255742389274;154260;132896;23635;0.8615065473875275;27720;4085;21364;0.14736652236652237;23448;3752;19696;
86/14;6;True;0.03766369819641113;0.0005086302757263183;0.050914764404296875;0.0005167226029406643;94.03322410583496;100;92;0.92;86;86;8;1.0;14;6;0;0.42857142857142855;181980;152891;0.8401527640400044;154260;152554;27383;0.9889407493841567;27720;337;1706;0.012157287157287157;0;0;0;
86/14;7;False;0.033048391342163086;0.00043622493743896486;0.04366588592529297;0.0004498170802771148;81.85777878761292;100;99;0.99;86;85;0;0.9883720930232558;14;14;1;1.0;181980;136114;0.7479613144301571;154260;131816;23422;0.854505380526384;27720;4298;22444;0.15505050505050505;23760;3790;19970;
86/14;7;True;0.03546714782714844;0.00046564579010009764;0.04661083221435547;0.0005038868098327623;91.69736289978027;100;93;0.93;86;86;7;1.0;14;7;0;0.5;181980;152247;0.836613913616881;154260;151724;27197;0.9835602230001297;27720;523;2536;0.018867243867243866;0;0;0;
86/14;8;False;0.0331883430480957;0.00042608022689819334;0.04265451431274414;0.00042655589567696555;77.62469148635864;100;99;0.99;86;85;0;0.9883720930232558;14;14;1;1.0;181980;141570;0.777942631058358;154260;138491;24641;0.8977764812653961;27720;3079;15769;0.11107503607503608;16581;2685;13896;
86/14;8;True;0.033083200454711914;0.0004472255706787109;0.044771671295166016;0.00046896612739835496;85.34250521659851;100;94;0.94;86;86;6;1.0;14;8;0;0.5714285714285714;181980;152781;0.83954830201121;154260;152387;27326;0.9878581615454428;27720;394;1873;0.014213564213564213;0;0;0;
86/14;9;False;0.0320429801940918;0.0004092216491699219;0.0409703254699707;0.00040795735729069537;74.24012970924377;100;98;0.98;86;84;0;0.9767441860465116;14;14;2;1.0;181980;136431;0.7497032640949555;154260;132031;23320;0.8558991313367043;27720;4400;22229;0.15873015873015872;23653;3914;19739;
86/14;9;True;0.032378196716308594;0.0004332613945007324;0.043369293212890625;0.00046649251826347423;84.89236903190613;100;95;0.95;86;86;5;1.0;14;9;0;0.6428571428571429;181980;152083;0.8357127156830421;154260;151557;27194;0.9824776351614158;27720;526;2703;0.018975468975468975;0;0;0;
86/14;10;False;0.03200817108154297;0.00040308237075805666;0.04035639762878418;0.00041338626677314715;75.22808742523193;100;98;0.98;86;84;0;0.9767441860465116;14;14;2;1.0;181980;141619;0.7782118914166392;154260;138590;24691;0.8984182548943342;27720;3029;15670;0.10927128427128427;16990;2744;14246;
86/14;10;True;0.03530716896057129;0.0004485559463500977;0.04525041580200195;0.0004612985345371111;83.94714856147766;100;95;0.95;86;86;5;1.0;14;9;0;0.6428571428571429;181980;153024;0.8408836135839103;154260;152727;27423;0.9900622325943212;27720;297;1533;0.010714285714285714;0;0;0;
86/14;20;False;0.03438425064086914;0.00040315866470336915;0.040380239486694336;0.0004085182554054449;74.34220170974731;100;99;0.99;86;85;0;0.9883720930232558;14;14;1;1.0;181980;138711;0.7622321134190571;154260;135100;24109;0.8757941138337871;27720;3611;19160;0.13026695526695525;18962;2965;15997;
86/14;20;True;0.030585289001464844;0.00038462162017822266;0.03851056098937988;0.0004283445734861906;77.95019268989563;100;100;1.0;86;86;0;1.0;14;14;0;1.0;181980;151686;0.8335311572700297;154260;151028;27062;0.9790483599118371;27720;658;3232;0.023737373737373738;0;0;0;
86/14;25;False;0.03517031669616699;0.00041349411010742186;0.04139828681945801;0.00039731328573079145;72.3031177520752;100;100;1.0;86;86;0;1.0;14;14;0;1.0;181980;128265;0.7048302011210023;154260;121991;21446;0.7908142097757034;27720;6274;32269;0.22633477633477633;30839;4974;25865;
86/14;25;True;0.03242135047912598;0.0003992462158203125;0.0399622917175293;0.00044897249444839337;81.70406031608582;100;100;1.0;86;86;0;1.0;14;14;0;1.0;181980;148559;0.8163479503242115;154260;147121;26282;0.9537209905354597;27720;1438;7139;0.051875901875901874;41;7;34;
86/14;30;False;0.03109002113342285;0.00041146516799926757;0.0411989688873291;0.0003882756874133943;70.65846657752991;100;100;1.0;86;86;0;1.0;14;14;0;1.0;181980;121602;0.6682162875041213;154260;114131;20249;0.7398612731751588;27720;7471;40129;0.26951659451659454;40775;6359;34416;
86/14;30;True;0.03186321258544922;0.0003851151466369629;0.03854966163635254;0.00045254081536785746;82.35342311859131;100;100;1.0;86;86;0;1.0;14;14;0;1.0;181980;149073;0.819172436531487;154260;147792;26439;0.9580707895760404;27720;1281;6468;0.04621212121212121;924;169;755;
86/14;50;False;0.03028583526611328;0.00042917728424072263;0.04295682907104492;0.0003631294998628436;66.08235239982605;100;100;1.0;86;86;0;1.0;14;14;0;1.0;181980;89681;0.49280690185734694;154260;75392;13431;0.4887333074030857;27720;14289;78868;0.5154761904761904;83387;12713;70674;
86/14;50;True;0.031070470809936523;0.00036888599395751954;0.03693866729736328;0.0003931854305483244;71.55194687843323;100;100;1.0;86;86;0;1.0;14;14;0;1.0;181980;92981;0.5109407627211782;154260;79451;14190;0.5150460261895501;27720;13530;74809;0.4880952380952381;78569;11954;66615;
86/14;100;False;0.027570247650146484;0.0003202533721923828;0.032074689865112305;0.00033513337573529286;60.98763990402222;100;100;1.0;86;86;0;1.0;14;14;0;1.0;181980;28162;0.15475326959006483;154260;520;78;0.0033709321924024374;27720;27642;153740;0.9971861471861472;181285;27626;153659;
86/14;100;True;0.03426480293273926;0.00034639358520507815;0.03467822074890137;0.0003332942996081159;60.65293622016907;100;100;1.0;86;86;0;1.0;14;14;0;1.0;181980;28162;0.15475326959006483;154260;520;78;0.0033709321924024374;27720;27642;153740;0.9971861471861472;181285;27626;153659;
100/100;1;False;0.1841895580291748;0.0008913600444793702;0.17830896377563477;0.0009029949579182262;164.23680114746094;200;126;0.63;100;26;0;0.26;100;100;74;1.0;181880;46534;0.25585001099626126;154246;22704;3804;0.14719344423842434;27634;23830;131542;0.8623434899037418;138446;20872;117574;
100/100;1;True;0.12847280502319336;0.0031658720970153807;0.6336119174957275;0.00306541934652016;557.5385186672211;200;142;0.71;100;80;38;0.8;100;62;20;0.62;181880;102612;0.5641741807785353;154246;90325;15347;0.5855905501601338;27634;12287;63921;0.44463342259535354;0;0;0;
100/100;2;False;0.09273362159729004;0.0006646895408630371;0.13298368453979492;0.0006647380991823102;120.9026231765747;200;129;0.645;100;29;0;0.29;100;100;71;1.0;181880;47738;0.2624697602815043;154246;24109;4005;0.1563022703992324;27634;23629;130137;0.855069841499602;136651;20728;115923;
100/100;2;True;0.09958839416503906;0.0020967578887939454;0.4194149971008301;0.001822330680605551;331.44568729400635;200;144;0.72;100;79;35;0.79;100;65;21;0.65;181880;101423;0.557636903452826;154246;88727;14938;0.5752304759928945;27634;12696;65519;0.4594340305420858;0;0;0;
100/100;3;False;0.07810235023498535;0.0005352449417114258;0.10709524154663086;0.0005325542509306754;96.86102104187012;200;142;0.71;100;42;0;0.42;100;100;58;1.0;181880;53588;0.2946338244996701;154246;31091;5137;0.20156762574069992;27634;22497;123155;0.8141058116812622;124646;19014;105632;
100/100;3;True;0.08009719848632812;0.0012571167945861815;0.2514615058898926;0.0013226747722554421;240.56818270683289;200;150;0.75;100;82;32;0.82;100;68;18;0.68;181880;99906;0.5492962392786452;154246;86931;14659;0.5635867380677619;27634;12975;67315;0.4695302887746978;0;0;0;
100/100;4;False;0.07466673851013184;0.00050362229347229;0.10076451301574707;0.0004897306679578202;89.07227110862732;200;136;0.68;100;36;0;0.36;100;100;64;1.0;181880;48396;0.2660875302397185;154246;24974;4212;0.16191019540214982;27634;23422;129272;0.8475790692625027;126960;19202;107758;
100/100;4;True;0.07620620727539062;0.001054762601852417;0.21099424362182617;0.0011507723065085377;209.30288767814636;200;149;0.745;100;79;30;0.79;100;70;21;0.7;181880;98128;0.5395205630085771;154246;84749;14255;0.5494405041297667;27634;13379;69497;0.48414996019396395;0;0;0;
100/100;5;False;0.07869529724121094;0.0005197560787200927;0.10399222373962402;0.0004887665474260144;88.89690518379211;200;154;0.77;100;54;0;0.54;100;100;46;1.0;181880;61232;0.33666153507807345;154246;40353;6755;0.2616145637488168;27634;20879;113893;0.7555547513932113;109724;16868;92856;
100/100;5;True;0.08742284774780273;0.0010266447067260743;0.20537567138671875;0.0010430208321112655;189.7046995162964;200;162;0.81;100;84;22;0.84;100;78;16;0.78;181880;99304;0.5459863646360238;154246;86395;14725;0.5601117695110408;27634;12909;67851;0.4671419266121445;0;0;0;
100/100;6;False;0.06724214553833008;0.0004454135894775391;0.08913064002990723;0.00045934784194781857;83.54623651504517;200;156;0.78;100;56;0;0.56;100;100;44;1.0;181880;59626;0.3278315372773257;154246;38285;6293;0.24820740894415413;27634;21341;115961;0.7722732865310848;111417;17218;94199;
100/100;6;True;0.0679473876953125;0.0007638740539550781;0.15282034873962402;0.0008817378298015103;160.37051558494568;200;166;0.83;100;82;16;0.82;100;84;18;0.84;181880;93840;0.5159445788431933;154246;79705;13499;0.5167394940549512;27634;14135;74541;0.5115075631468481;0;0;0;
100/100;7;False;0.0757603645324707;0.00045987486839294434;0.09201383590698242;0.000453992774257404;82.57224917411804;200;164;0.82;100;64;0;0.64;100;100;36;1.0;181880;63397;0.3485649879041126;154246;42925;7162;0.27828922630084413;27634;20472;111321;0.7408265180574655;109104;16817;92287;
100/100;7;True;0.06635379791259766;0.0007241153717041015;0.14487504959106445;0.0008167949736393597;148.55872893333435;200;173;0.865;100;87;14;0.87;100;86;13;0.86;181880;97427;0.5356663734330328;154246;84184;14391;0.5457775242145664;27634;13243;70062;0.4792284866468843;0;0;0;
100/100;8;False;0.06452178955078125;0.00042532682418823243;0.0851142406463623;0.00043742338825063915;79.55860686302185;200;157;0.785;100;57;0;0.57;100;100;43;1.0;181880;59090;0.3248845392566527;154246;37304;5848;0.2418474385073195;27634;21786;116942;0.7883766374755735;109714;17106;92608;
100/100;8;True;0.06957221031188965;0.0008392691612243653;0.16790270805358887;0.0007875805952954298;143.24520778656006;200;171;0.855;100;87;16;0.87;100;84;13;0.84;181880;99983;0.5497195953375852;154246;86755;14406;0.5624457036163012;27634;13228;67491;0.4786856770644858;0;0;0;
100/100;9;False;0.06461977958679199;0.0004088139533996582;0.08180952072143555;0.0004309500708327284;78.38124442100525;200;170;0.85;100;70;0;0.7;100;100;30;1.0;181880;67491;0.3710743347261931;154246;47988;8131;0.3111134162312151;27634;19503;106258;0.7057610190345227;93131;14471;78660;
100/100;9;True;0.0658566951751709;0.0007071065902709961;0.1414659023284912;0.0007703471621602925;140.11079597473145;200;175;0.875;100;85;10;0.85;100;90;15;0.9;181880;96362;0.5298108643061359;154246;82607;13879;0.5355535962034672;27634;13755;71639;0.49775638705941955;0;0;0;
100/100;10;False;0.0653069019317627;0.000411304235458374;0.08230996131896973;0.0004275666597730017;77.765873670578;200;169;0.845;100;69;0;0.69;100;100;31;1.0;181880;67703;0.3722399384209369;154246;47765;7696;0.30966767371601206;27634;19938;106481;0.7215024969240791;99758;15540;84218;
100/100;10;True;0.07295489311218262;0.0005965924263000488;0.11936783790588379;0.00073582655077377;133.8321704864502;200;181;0.905;100;91;10;0.91;100;90;9;0.9;181880;95491;0.5250219925225423;154246;81748;13891;0.5299845701023042;27634;13743;72498;0.4973221393935008;0;0;0;
100/100;20;False;0.06477952003479004;0.0003856539726257324;0.07750892639160156;0.0004025960744593939;73.22421169281006;200;191;0.955;100;91;0;0.91;100;100;9;1.0;181880;65904;0.36234880140752146;154246;45993;7723;0.2981795313978969;27634;19911;108253;0.7205254396757618;75517;11520;63997;
100/100;20;True;0.06119680404663086;0.0004819202423095703;0.09644079208374023;0.0005813600232057423;105.73781967163086;200;189;0.945;100;93;4;0.93;100;96;7;0.96;181880;93457;0.5138387948097647;154246;79164;13341;0.5132321097467681;27634;14293;75082;0.5172251574147789;1;0;1;
100/100;25;False;0.06232810020446777;0.0003763115406036377;0.07530546188354492;0.0003723996994336516;67.73210787773132;200;195;0.975;100;95;0;0.95;100;100;5;1.0;181880;75960;0.41763800307895316;154246;57765;9439;0.3744991766399129;27634;18195;96481;0.658428023449374;72495;11280;61215;
100/100;25;True;0.06242227554321289;0.00039234638214111326;0.07853007316589355;0.0005762823275060005;104.8142671585083;200;198;0.99;100;98;0;0.98;100;100;2;1.0;181880;95407;0.5245601495491533;154246;81648;13875;0.5293362550730651;27634;13759;72598;0.4979011362813925;121;17;104;
100/100;30;False;0.060178518295288086;0.0003686010837554932;0.07376408576965332;0.00036678781136067486;66.7114040851593;200;197;0.985;100;97;0;0.97;100;100;3;1.0;181880;64042;0.35211128216406423;154246;43822;7414;0.284104612113118;27634;20220;110424;0.7317073170731707;82196;12291;69905;
100/100;30;True;0.060173749923706055;0.0003740501403808594;0.07484793663024902;0.0006329481709729663;115.12066221237183;200;199;0.995;100;99;0;0.99;100;100;1;1.0;181880;92601;0.5091323949857048;154246;78268;13301;0.5074232070847866;27634;14333;75978;0.5186726496345082;718;108;610;
100/100;50;False;0.05892634391784668;0.0003527247905731201;0.07059001922607422;0.00035966577728108727;65.41642451286316;200;199;0.995;100;99;0;0.99;100;100;1;1.0;181880;56418;0.31019353419837253;154246;34544;5760;0.22395394370032287;27634;21874;119702;0.7915611203589781;97073;14684;82389;
100/100;50;True;0.06014704704284668;0.0003629159927368164;0.07262277603149414;0.00044094141378543233;80.1984691619873;200;200;1.0;100;100;0;1.0;100;100;0;1.0;181880;66862;0.3676160105564108;154246;47544;8316;0.3082348975013939;27634;19318;106702;0.6990663675182746;62653;9370;53283;
100/100;100;False;0.05614328384399414;0.0003274977207183838;0.06554484367370605;0.00031967124022413984;58.14185190200806;200;200;1.0;100;100;0;1.0;100;100;0;1.0;181880;28135;0.15468990543215308;154246;600;99;0.003889890175434047;27634;27535;153646;0.9964174567561699;180049;27367;152682;
100/100;100;True;0.05549788475036621;0.0003221726417541504;0.06448149681091309;0.0003206891163590454;58.326974391937256;200;200;1.0;100;100;0;1.0;100;100;0;1.0;181880;28135;0.15468990543215308;154246;600;99;0.003889890175434047;27634;27535;153646;0.9964174567561699;180049;27367;152682;
